#OTU ID,KL013,KL019,KL272,KL007,NKH88,NKH95,NKH12,KL121,NKH60,NKH144,NKH87,KL215,KL130,KL031,KL105,KL033,KL075,KL115,KL025,KL011,KL010,KL191,KL169,KL277,NKH117,KL294,KL004,KL284,KL224,NKH41,KL218,NKH129,KL233,KL037,KL230,KL226,KL035,KL140,KL016,KL036,KL149,KL228,KL183,KL120,NKH96,KL296,NKH62,KL202,KL153,NKH74,KL173,KL225,NKH45,KL060,KL023,KL199,NKH9,NKH66,NKH135,NKH26,NKH103,NKH112,KL026,NKH61,NKH7,NKH8,KL300,KL299,NKH28,NKH40,NKH42,KL048,NKH54,NKH63,NKH141,NKH98,NKH85,NKH39,NKH90,NKH142,NKH64,NKH78,KL206,NKH79,KL002,KL155,KL213,KL201,NKH131,NKH21,NKH97,NKH76,KL293,KL223,KL139,NKH86,NKH77,NKH14,NKH50,NKH134,NKH70,NKH24,NKH143,NKH27,NKH4,NKH34,NKH16,NKH91,NKH3,NKH120,NKH110,NKH127,NKH59,NKH22,NKH58,NKH75,NKH10,NKH108,NKH80,KL161,NKH94,NKH52,KL184,NKH37,KL180,KL049,KL133,KL192,KL006,KL186,KL312,KL059,KL137,KL303,KL113,KL107,KL305,KL127,KL273,NKH126,KL038,NKH15,KL091,NKH115,KL160,NKH89,NKH125,NKH71,NKH53,KL271,KL227,NKH121,KL062,NKH32,NKH114,NKH137,KL028,KL152,KL164,KL014,NKH2,KL086,KL178,KL135,KL188,NKH19,KL030,KL170,KL163,KL111,KL141,KL297,KL124,KL126,KL298,KL109,KL112,KL128,KL110,KL125,KL232,KL172,NKH82,NKH102,NKH51,KL288,KL159,NKH109,NKH119,KL245,KL242,NKH35,NKH30,KL231,KL282,NKH84,KL085,KL051,KL295,KL088,KL237,NKH25,KL283,KL291,KL274,KL189,KL238,KL005,KL211,NKH13,KL103,KL220,NKH36,NKH83,NKH57,KL171,NKH72,NKH133,KL116,KL032,KL050,NKH118,NKH123,KL045,NKH1,KL041,KL018,NKH46,NKH100,NKH5,NKH69,KL012,NKH33,KL034,NKH128,KL084,NKH20,NKH49,KL198,KL195,KL166,KL181,KL196,KL190,KL017,NKH47,KL203,KL001,KL022,KL292,KL020,KL154,KL118,KL212,NKH111,KL117,KL119,KL029,KL260,KL234,KL098,KL248,KL246,KL235,KL241,KL099,KL247,KL265,KL308,KL269,NKH18,KL092,KL106,KL276,KL262,NKH106,KL039,KL040,NKH6,KL270,KL301,KL083,KL193,KL278,NKH55,KL216,KL136,KL165,NKH93,NKH113,NKH136,KL289,NKH101,KL104,KL222,KL290,NKH29,KL065,KL077,KL066,KL081,KL024,KL003,KL009,KL302,KL094,NKH105,NKH124,KL205,KL204,KL057,KL046,KL214,KL027,NKH65,KL043,KL158,KL021,KL047,KL208,KL210,KL054,KL008,KL082,KL061,KL044,KL207,KL229,KL148,NKH38,NKH31,KL156,KL131,KL275,KL259,KL310,KL132,NKH48,NKH99,NKH140,KL239,KL072,KL073,NKH92,NKH73,KL053,NKH17,KL102,KL281,KL167,NKH104,KL263,KL089,KL151,KL096,KL306,KL209,KL063,KL168,NKH81,KL264,KL090,KL042,KL129,KL253,KL187,KL122,KL240,KL249,KL244,KL064,KL243,KL074,KL194,NKH132,KL320,KL258,KL145,KL134,KL150,KL144,KL268,KL108,NKH107,KL146,KL304,KL143,KL279,KL162,NKH43,KL287,KL058,NKH56,KL200,KL138,KL142,KL123,KL197,KL093,KL114,KL068,KL069,KL285,KL221,KL286,NKH122,KL217,KL079,KL256,KL080,NKH67,KL070,KL078,KL267,NKH130,KL323,NKH68,NKH11,KL319,KL182,KL179,KL071,KL067,KL177,KL176,KL055,KL097,NKH116,NKH139,KL219,KL052,KL076,KL174,KL175,KL266,KL311,KL280,KL314,KL095,KL307,KL101,KL257,KL100,KL254,NKH44,KL309,KL261,KL250,KL236,KL185,KL322,KL316,KL315,KL313,KL318,KL317,NKH23,KL251,KL255,KL321,KL252,KL087,KL147,NKH138,KL157,KL015,KL056
Unassigned;Other,0.003258145,0.007006842,0.005064773,0.005073532,0.008791277,0.005189106,0.010871034,0.005591876,0.005770103,0.006412179,0.005557955,0.004337091,0.006031638,0.005548536,0.006430456,0.006935032,0.000602971,0.005714961,0.00538298,0.005578481,0.004588071,0.019361171,0.003009808,0.007640963,0.010588112,0.006265371,0.004287165,0.006915728,0.004589723,0.010726073,0.00524678,0.008664001,0.004638025,0.004202694,0.004303309,0.005244278,0.00486254,0.004736695,0.002912915,0.015004817,0.005395885,0.008795889,0.009445365,0.004602449,0.008877223,0.002971293,0.011386731,0.007681647,0.004524523,0.00933841,0.020744461,0.004279571,0.011192866,0.002906793,0.005748066,0.006348138,0.011199407,0.009529165,0.008089245,0.00651341,0.005978364,0.008700351,0.002625732,0.007442084,0.007878632,0.006784121,0.005032823,0.004834956,0.007923598,0.010317704,0.005864091,0.010894402,0.010207847,0.007245311,0.013242847,0.011082464,0.009315647,0.006866165,0.007487816,0.010937619,0.010803971,0.007916378,0.005886467,0.004847265,0.004220041,0.003869385,0.004113078,0.006134845,0.006875344,0.005940594,0.012472293,0.008339232,0.005353788,0.002855218,0.004249712,0.006758422,0.008970057,0.008736189,0.009685751,0.007590838,0.007096992,0.007522019,0.007293633,0.007920792,0.009407724,0.008589776,0.006879353,0.005401503,0.008395777,0.007573201,0.010789377,0.007820832,0.00960757,0.007590629,0.008403693,0.008419756,0.007850586,0.004907589,0.009368112,0.004922397,0.010136205,0.009776314,0.006431385,0.007103246,0.012292892,0.022407998,0.003299749,0.003027171,0.002869103,0.003592676,0.023335081,0.002223074,0.0038883,0.005591451,0.003511596,0.004675163,0.010688836,0.003072452,0.005528353,0.004710875,0.003832688,0.007003565,0.004393959,0.008799526,0.00470915,0.008802165,0.007771811,0.008049884,0.008553593,0.004431034,0.0025669,0.009504068,0.002271897,0.00586313,0.008611007,0.01032882,0.004908292,0.002565239,0.003524016,0.004372676,0.008645253,0.00601656,0.008817545,0.003911003,0.003212851,0.0045106,0.006682955,0.004063242,0.006726371,0.005040024,0.004309755,0.004827557,0.001266659,0.003057652,0.006081884,0.003216889,0.006783943,0.003666283,0.003460421,0.004789398,0.003863716,0.005893044,0.008685247,0.009408938,0.007183321,0.006518635,0.006191276,0.007844456,0.008241335,0.004222493,0.004402959,0.003867849,0.006067703,0.005578469,0.006726312,0.008822679,0.004217661,0.002815154,0.002566076,0.005927016,0.000603784,0.008074534,0.004845636,0.003905953,0.003823774,0.014365265,0.000486086,0.003766801,0.002527593,0.006744244,0.0052976,0.007334392,0.009557945,0.005453423,0.019236035,0.003879191,0.00604058,0.013230142,0.006625207,0.00558519,0.01653765,0.006898192,0.012136862,0.006059664,0.014776061,0.003579351,0.007014959,0.006735424,0.008196137,0.009420706,0.009489325,0.004123778,0.007412242,0.004858817,0.005646458,0.003998042,0.005123478,0.013144146,0.006094086,0.002332539,0.003748158,0.005797865,0.002803351,0.001841896,0.006138653,0.006768483,0.006924747,0.005071518,0.005811444,0.002679708,0.003797655,0.004478101,0.007590071,0.006561086,0.005893481,0.005433984,0.005226358,0.004410653,0.002045199,0.001437815,0.002943196,0.000819001,0.000849778,0.00217355,0.003697155,0.002108158,0.000779478,0.001505937,0.000704942,0.004458857,0.005946595,0.009312204,0.005283725,0.004840242,0.00840792,0.010541799,0.003837544,0.004164906,0.006815413,0.003031528,0.006470347,0.005723179,0.004619682,0.003363501,0.005707182,0.00552213,0.00309154,0.004419245,0.00560704,0.013455913,0.005667729,0.005123905,0.006584461,0.004979445,0.003716163,0.003741935,0.007585942,0.000673226,0.000684814,0.000983837,0.005104376,0.005107721,0.00468039,0.003743135,0.005104722,0.001933576,0.010179181,0.006925855,0.004193523,0.005597151,0.001416085,0.009414718,0.00349196,0.005691901,0.007347899,0.012902999,0.004147283,0.00621252,0.013985006,0.006015813,0.004335914,0.00404839,0.003800355,0.004440497,0.003467877,0.018239034,0.004262095,0.005815416,0.004772803,0.006095758,0.005031447,0.004116991,0.005256954,0.003826661,0.004526025,0.00998004,0.005417077,0.004882252,0.005347836,0.006235688,0.000637112,0.000940242,0.000653759,0.008740713,0.005300287,0.001897533,0.005034254,0.004048407,0.003754396,0.003968083,0.008591065,0.003658249,0.005906476,0.006090716,0.000816549,0.000511509,0.004222911,0.000699301,0.004109589,0.008978351,0.001606518,0.004533375,0.002212786,0.004028,0.002213695,0.003496021,0.006072874,0.003644315,0.003362475,0.003368421,0.000631552,0.002245815,0.000613572,0.002900428,0.00607808,0.001077586,0.012828536,0.00283304,0.003571968,0.006603857,0.002572995,0.001289609,0.007958589,0.007070818,0.006177434,0.006837723,0.003059417,0.003165511,0.006179992,0.00686122,0.001080958,0.004366069,0.005484461,0.003836732,0.004970105,0.002719855,0.007825236,0.003444672,0.002455695,0.007503517,0.001101385,0.000947329,0.00418961,0.004107831,0.003062099,0.006985515,0.006182209,0.000841937,0.013837227,0.000625782,0.006837607,0.000937383,0.000679983,0.001228199,0.007052972,0.001819836,0.007193915,0.007691589,0.006336634,0.010394591,0.003438523,0.000488861,0.000826757,0.020547945,0.017070143,0.001873536,0.003186258,0.005502318,0.004368308,0.005995367,0.00297529,0.000927998,0.016872478,0.016440217,0.000964236,0.004399749,0.002730866,0.001923385,0.002249906,0.000601168,0.001405152,0.00314306,0.002213089,0.004334365,0.00018423,0.010204082,0.003762429,0.004094166,0.000744491,0.002451348,0.002106847,0.005721551,0.002853067,0.004935834,0.005760369,0.029550827,0.003961635,0.001404494,0.000544247,0.01923832,0.00848239,0,0,0,0,0,0
k__Archaea;p__Euryarchaeota,0,0,0,0,0,0,0,0,0,0,0,0,0,0,0,0,0,0,0,0,0,0,0,0,0,0,0,0,0,0,0,0,0,0,0,0,0,0,0,0,0,0,0,0,0,0,0,0,0,0,0,0,0,0,0,0,0,0,0,0,0,0,0,0,0,0,0,0,0,0,0,0,0,0,0,0,0,0,0,0,0,0,0,0,0,0,0,0,0,0,0,0,0,0,0,0,0,0,0,0,0,0.005784337,0,0,0,0,0,0,0,0,0,0,0,0,0,0,0,0,0,0,0,0,0,0,0,0,0,0,0,0,0,0,0,0,0,0,0,0,0,0,0,0,0,0,0,0,0,0,0,0,0,0,0,0,0,0,0,0,0,0,0,0,0,0,0,0,0,0,0,0,0,0,0,0,0,0,0,0,0,0,0,0,0,0,0,0,0,0,0,0,0,0,0,0,0,0,0,0,0,0,0,0,0,0,0,0,0,0,0,0,0,0,0.001157407,0,0,0,0,0,0,0,0,0,0,0,0,0,0,0,0,0,0,0,0,0,0,0,0,0,0,0,0,0,0,0,0,0,0,0,0,0,0,0,0,0,0,0,0,0,0,0,0,0,0,0,0,0,0,0,0,0,0,0,0,0,0,0,0,0,0,0,0,0,0,0,0,0,0,0,0,0,0,0,0,0,0,0,0,0,0,0,0,0,0,0,0,0,0,0,0,0,0,0,0,0,0,0,0,0,0,0,0,0,0,0,0,0,0,0,0,0,0,0,0,0,0,0,0,0,0,0,0,0,0,0,0,0,0,0,0,0,0,0,0,0,0,0,0,0,0,0,0,0,0,0,0,0,0,0,0,0,0,0,0,0,0,0,0,0,0,0,0,0,0,0,0,0,0,0,0,0,0,0,0,0,0,0,0,0,0,0,0,0,0,0,0,0,0,0,0,0,0,0,0,0,0,0,0,0,0,0,0,0,0,0,0,0,0,0,0,0,0,0,0,0,0,0,0,0,0,0,0,0,0.00021077,0,0,0,0,0,0,0,0,0,0,0,0,0,0,0,0,0,0,0,0,0,0,0,0
k__Archaea;p__[Parvarchaeota],0,0,0,0,0,0,0,0,0,0,0,0,0,0,0,0,0,0,0,0,0,0,0,0,0,0,0,0,0,0,0,0,0,0,0,0,0,0,0,0,0,0,0,0,0,0,0,0,0,0,0,0,0,0,0,0,0,0,0,0,0,0,0,0,0,0,0,0,0,0,0,0,0,0,0,0,0,0,0,0,0,0,0,0,0,0,0,0,0,0,0,0,0,0,0,0,0,0,0,0,0,0,0,0,0,0,0,0,0,0,0,0,0,0,0,0,0,0,0,0,0,0,0,0,0,0,0,0,0,0,0,0,0,0,0,0,0,0,0,0,0,0,0,0,0,0,0,0,0,0,0,0,0,0,0,0,0,0,0,0,0,0,0,0,0,0,0,0,0,0,0,0,0,0,0,0,0,0,0,0,0,0,0,0,0,0,0,0,0,0,0,0,0,0,0,0,0,0,0,0,0,0,0,0,0,0,0,0,0,0,0,0,0,0,0,0,0,0,0,0,0,0,0,0,0,0,0,0,0,0,0,0,0,0,0,0,0,0,0,0,0,0,0,0,0,0,0,0,0,0,0,0,0,0,0,0,0,0,0,0,0,0,0,0,0,0,0,0,0,0,0,0,0,0,0,0,0,0,0,0,0,0,0,0,0,0,0,0,0,0,0,0,0,0,0,0,0,0,0,0,0,0,0,0,0,0,0,0,0,0,0,0,0,0,0,0,0,0,0,0,0,0,0,0,0,0,0,0,0,0,0,0,0,0,0,0,0,0,0,0,0,0,0,0,0,0,0,0,0,0,0,0,0,0,0,0,0,0,0,0,0,0,0,0,0,0,0,0.001603499,0,0,0,0,0,0,0,0,0,0,0,0,0,0,0,0,0,0,0,0,0,0,0,0,0,0,0,0,0,0,0,0,0,0,0,0,0,0,0,0,0,0,0,0,0,0,0,0,0,0,0,0,0,0,0,0,0,0,0,0,0,0,0,0,0,0,0,0,0,0,0,0,0,0,0,0,0,0,0,0,0,0,0,0,0,0,0,0,0,0,0,0,0,0,0,0,0,0,0
k__Bacteria;Other,0,0,7.64E-05,0.000171403,0.000310646,0,0.000150152,0,4.12E-05,0,2.88E-05,2.15E-05,8.54E-05,5.49E-05,0.000204955,0,0,0,0,3.82E-05,4.99E-05,0,0,0,3.49E-05,5.86E-05,0,2.38E-05,0,0.000150015,0,0.000179432,0,0,0,0,2.34E-05,0,0,0,0.000111832,0,0,0,0.000351077,2.29E-05,5.57E-05,7.92E-05,0,7.18E-05,0,0,0.00015589,6.32E-05,5.45E-05,0,0.000205871,8.88E-05,8.76E-05,0.000208986,0.000189789,0,5.77E-05,9.00E-05,0,0,4.38E-05,0,0.000104948,0,0.000129355,0,8.20E-05,0,3.67E-05,0.000115442,3.01E-05,0,4.43E-05,0.000171795,0.000170333,7.69E-05,5.83E-05,0,0,0,0,4.05E-05,2.90E-05,0.000315032,0,5.18E-05,0,0,0,0,9.68E-05,7.34E-05,2.69E-05,0.000132707,0.000112651,2.38E-05,0.000193067,0.000146681,0.000186661,0.000125094,0,0.000187181,0.000218782,7.50E-05,0,0.000106648,0.000116104,0,0.000157816,0.000136907,0.000211037,6.75E-05,3.06E-05,0,3.96E-05,0,0,6.23E-05,0,8.62E-05,0,0,0,0,0,0,0,0,0,0,0,0,0,0.000107883,0,4.19E-05,0,4.56E-05,0,5.70E-05,0.000134927,4.17E-05,2.66E-05,2.11E-05,0,0.000156446,0,0,9.36E-05,7.74E-05,0.000143517,2.33E-05,0,0,9.71E-05,0,0,0,0,0,2.40E-05,0,0,0,0,0,0,0,0,0,0,0,0,0,0,0,0.000193005,0.000150143,0.000262804,0,0,0.000224127,7.70E-05,0,0,0.00010744,0,0,4.86E-05,5.79E-05,3.77E-05,0,0,0,0,0,0,0,6.65E-05,4.04E-05,0,0,0,5.53E-05,5.67E-05,0,3.73E-05,0.000137193,0.000205367,0,5.16E-05,5.23E-05,0.000125004,6.28E-05,0,5.95E-05,0.000129116,0,7.07E-05,0,0,0,0.000213812,3.19E-05,0,0,0.000186471,0,0,0,0,0.000192487,0.000109606,0,0,0,0,0,0,0,6.34E-05,2.46E-05,0,4.47E-05,0,0,0,0,0,0,2.35E-05,0,0,0,0,0,0,0,0,0,0,0,0,0,0,0,0,0,0,6.13E-05,0,0,3.81E-05,4.04E-05,0,0,0,0,0,0,0,0,0,0,0,0,2.99E-05,5.79E-05,0,0,0,0,0,0,0,0,8.67E-05,3.07E-05,5.00E-05,0,0.000278882,0,0,0,0,0.000117684,5.41E-05,3.35E-05,0.000171451,0,0,8.63E-05,7.21E-05,9.82E-05,4.76E-05,0,6.33E-05,0,0,0,0,0,5.58E-05,6.82E-05,0,0,9.56E-05,1.70E-05,0,0,3.79E-05,0,0,0.000176149,0,0,0,0.000124867,0.000821171,0,0,0,0,0,0.000330426,0,0,0,0,0,4.88E-05,0,0,0,0,0,0,7.82E-05,0,0,3.82E-05,0,0,0,0,0,0,0,0,0,0,0,0,0,0,0,0,0.000109625,0,0,0,0,0,0,0,0,0,0,0,0,0,0,0,0,0,0,0,0,0,4.29E-05,0,0,0,0,0,0,0,0,0.000148484,0,0,0,0,0,0,0,0,0,0,0.000117096,0,0,0,0,0,0,0,0,0,0,0,0,0,0,0,0,0,0,0,0,0,0,0,0,0,0,0,0,0,0,0,0,0,0,0,0,0,0,0,0,0
k__Bacteria;p__,0,0,0,0,0,0,0,0,0,0,0,0,0,0,0,0,0,0,0,0,0,0,0,0,0,0,0,0,0,0,0,0,0,0,0,0,0,0,0,0,0,0,0,0,0,0,0,0,0,0,0,0,0,0,0,0,0,0,0,0,0,0,0,0,0,0,0,0,0,0,0,0,0,0,0,0,0,0,0,0,0,0,0,0,0,0,0,0,0,0,0,0,0,0,0,0,0,0,0,0,0,0,0,0,0,0,0,0,0,0,0,0,0,0,0,0,0,0,0,0,0,0,0,0,0,0,0,0,0,0,0,0,0,0,0,0,0,0,0,0,0,0,0,0,0,0,0,0,0,0,0,0,0,0,0,0,0,0,0,0,0,0,0,0,0,0,0,0,0,0,0,0,0,0,0,0,0,0,0,0,0,0,0,0,0,0,0,0,0,0,0.004050722,0,0,0,0,0,0,0,0,0,0,0,0,0,0,0,0,0,0,0,0,0,0,0,0,0,0,0,0,0,0,0,0,0,0,0,0,0,0,0,0,0,0,0,0,0,0,0,0,0,0,0,0,0,0,0,0,0,0,0,0,0,0,0,0,0,0,0,0,0,0,0,0,0,0,0,0,0,0,0,0,0,0,0,0,0,0,0,0,0,0,0,0,0,0,0,0,0,0,0,0,0,0,0,0,0,0,0,0,0,0,0,0,0,0,0,0,0,0,0,0,0,0,0,0,0,0,0,0,0,0,0,0,0,0,0,0,0,0,0,0,0,0,0,0,0,0,0,0,0,0,0,0,0,0,0,0,0,0,0,0,0,0,0,0,0,0,0,0,0,0,0,0,0,0,0,0,0,0,0,0,0,0,0,0,0,0,0,0,0,0,0,0,0,0,0,0,0,0,0,0,0,0,0,0,0,0,0,0,0,0,0,0,0,0,0,0,0,0,0,0,0,0,0,0,0,0,0,0,0,0,0,0,0,0,0,0,0,0,0,0,0,0,0,0,0,0,0,0,0,0,0,0,0,0,0,0,0,0,0,0,0,0,0,0,0,0,0,0,0,0,0,0,0,0,0,0
k__Bacteria;p__Acidobacteria,0,0,0,0,0,0,0,0,0,0,0,0,0,0,0,0,0,0,0,0,0,0,0,0,0,0,0,0,0,0,0,0,0,0,0,0,0,0,0,0,0,0,0,0,0,0,0,0,0,0,0,0,0,0,0,0,0,0,0,0,0,0,0,0,0,0,0,0,0,0,0,0,0,0,0,0,0,3.67E-05,0,0,0,0,0,0,0,0,0,0,0,0,0,0,0,0,0,0,0,0,0,2.65E-05,0,0,0,0,0,0,0,0,0,0,0,0,0,0,0,0,0,0,0,0,0,0,0,0,0,0,0,0,0,0,0,0,0,0,0,0,0,0,0,0,0,0,0,0,0,0,0,0,0,0,0,0,0,0,0,0,0,0,0,0,0,0,0,0,0,0,0,0,0,0,0,0,0,0,0,0,0,0,0,0,0,0,0,0,0,0,0,0,0,0.000406009,0.00422684,0,0,0,0,0,0,0,0,0,0,0,0,0,0,0,0,0,0,0,0,0,0,0,0,0,0,0,0,0,0,0,0,0,0,0,0,0,0,0,0,0,0,0,0,0,0,0,0,0,0,0,0,0,0,0,0,0,0,0,0,0,0,0,0,0,0,0,0.007464976,0.008626887,0,0,0,0,0.000964475,0.002658112,0,0,0,0,0,0,0,0,0.00501763,0,0,0,0,0,0,0,0,0,0,0,0,0,0,0,0,0,0,0,0,0,0,0,0,0,0,0,0,0,0,0,0,0,0,0,0,0,0,0,0,0,0,0,0,0,0,0,0,0,0,0,0,0,0,0,0,0,0,0,0.001508675,0,0,0,0,0,5.31E-05,0,0,0,0,0,0,0.000391781,0,4.31E-05,0,0.003776257,0,0,0.001633097,0.000511509,0,0,0,0,0.007573584,0,0,0,0,0,0,0.005393586,0.001441061,0.001824561,0,0.007247856,0,0,0,0,0.062891114,0,0,0,0,0.006816507,0,0,0,0,0,0,0,0,0,0,0,0,0,0,0,0,0,0,0,0,0,0,0,0,0,0,0,0,0,0,0,0.0006141,0,0,0,0,0.002772277,0,0,0,0,0,0,0,0,0,0,0,0,0,0,6.79E-05,0.000438289,0.023465326,0,0,0,0.001459979,0.00033456,0,0,0.000928793,0,0,0,0.004810645,0,0,0.00165538,0.006484425,0,0,0,0,0,0.199114088,0,0,0.002397197,0,0,0,0,0,0
k__Bacteria;p__Actinobacteria,0.006610276,0.002720303,0.003308646,0.006753282,0.002267715,0,0.000750762,0.000612046,0,0.000712464,8.64E-05,0.002318841,0.000711278,0.00439488,0.001895832,0.007951568,0,0.00067003,0.000754303,0.010736665,0.000349092,0.000356888,0.00506356,8.78E-05,0.001852046,0.002839911,0.004926479,0.000903085,0,0.031428143,7.24E-05,0.043396904,0,0.000482276,0,0.00014684,0.000303909,0.001353342,0.009041386,0.00378131,0.000475285,4.63E-05,0.000716236,0.002448739,0.018974856,0.00052569,0.001030095,0.001003102,0.000722853,0.002801523,0.013313609,0,0.00118476,0.000884676,0.001770731,0.005362253,0.007781941,0.001420497,0.004584879,0.002055033,0.001708104,0.000432316,0.004443547,0.001530429,0.004434021,0,0.000284464,0,0.001967781,0.001174788,0.000862366,0.000693651,0.00114787,0.001544686,0.008437271,0.003540232,0.001025023,0.003524876,0.001772264,0.001698862,0.001484329,0.001998309,0.000757664,0,0.000897881,0.017978482,0.001629412,0.000931363,0.001943663,0.012961296,0.000860158,0.001312177,0.001492883,9.62E-05,0.000922418,0.002182407,0.001387455,0.003744081,0.005596212,0.000982031,0.004130525,0.001642466,0.025913849,0.002310231,0.001530622,0.002335085,0.001612348,0.001230045,0.001586173,0.029580475,0.001844338,0.001635265,0.0154708,0.001221481,0.002722323,0.019372283,0.008568112,0.055626843,0.001408278,0.002385856,0.002454862,0.001567398,0.000401962,0.000623092,0.000653245,0.000861846,0,0.000738334,0.031560134,0.002240593,0.004195071,0.000153315,0,0,3.66E-05,3.46E-05,0,0.000747353,0.003294447,0.006041427,0.000110558,0.005829314,0.00091134,0.001458989,0.001448969,5.70E-05,0.000809564,0.024525036,0.063328463,0.010993185,0,0.002072904,0.001541645,9.61E-05,0.001684762,0.027195358,0.011079537,0.000606329,0,0.01525272,0.008094806,0.001012688,0.000904364,0,8.45E-05,0.000400942,0.002682763,0.00016092,0,4.94E-05,0.001778629,0,0.000330433,0.00162746,0,0,0,0.012490941,0,0.000524866,0,0.000660902,0.001814252,0.010860317,0.004000467,0.000529783,0.001151142,0.001708971,0.001001284,0.011936663,0.015674533,0,0,2.97E-05,9.72E-05,0.003153023,0.002598381,0.003244584,0.001111966,0,0.001844895,0.011691633,0.000406221,0.000887717,0.000498753,0.003349205,0.004698829,0.003509973,0.002611846,0.066226264,0.004985977,0.00079417,0.001866786,0.002778159,0.002327492,0.000387919,0.000103258,0.001411912,0.00031251,0.001757138,0.000307882,0.00083254,0.001420271,0.009439093,0.004100534,0.000957854,0.003171146,0.001557567,0.00185304,0.013923485,0.059474758,0.008604734,0.022749522,0.020266383,8.24E-05,0.001550261,0.005294975,0.010036848,0.00337586,0.000456366,0.011497157,0.000527079,0.000127425,0.000846276,0.001167679,0,0.000332768,0.001181713,0.004117823,0.000580603,0.004866898,0.000473295,0.000293179,0.001910508,0.025211001,0.000734322,0.002095252,0.004620684,0.008078536,0.01976995,0.009025802,0.002754821,0.018411859,0.021958424,0.005786851,0.084967919,0.002338435,0.000405445,0.00281977,0.016822051,0.000171536,0.013028917,0,0.000920537,0.004068348,0.000919343,0.00138578,0.000301805,0.010051782,0.003961196,0.000315627,0.004869722,0.000494199,0.000797531,0,0,0,0.009505545,0,0.000459674,7.87E-05,0.00144401,0,0.002287071,0.00015647,0.000516129,0.006433647,0,0,7.03E-05,0.000422431,0.001931766,0.010747562,9.20E-05,0.000700648,0.000909918,0.020950987,4.25E-05,0.000543605,0.002108018,0.00190439,0.00078456,0.000947431,0.000703117,0.007151955,0.001230531,0.003209636,0.004788817,0.00677624,0.001620586,0.004288267,9.53E-05,0.00164682,0.001262036,0.00436166,0.009793848,0.002131048,0,0.003070224,0.007778915,9.68E-05,0.006647225,0.000796508,0.002381033,0.017349761,0.026746507,0.000984923,0.000114877,4.53E-05,0.001620574,0.003079374,0.000313414,0,0.024161828,0.009854055,0.000502288,0.005034254,0.014408846,0,0.015656675,0.001982554,0.001534104,0.000459053,0.000143311,0.019324986,0.003452685,0.008494642,0.000215169,0.011712329,0.043950474,0.004303173,0.010278255,0.00071766,0.002150874,0.003099174,0.028198169,0.001069437,0.009329446,0.032760111,0.022175439,6.32E-05,0.015924867,0,0.001210858,0.000467545,0.021282328,0.044430538,0,0,0,0,0.035740604,0.000517632,0,0,3.39E-05,0,7.54E-05,0,4.57E-05,0.000170678,0.019562259,0.000104466,0.016911135,0.015620329,0.014124159,0.000279473,0.000154817,0.000613924,0,0,0,0,0,0,0,3.70E-05,4.43E-05,0.007290582,0,0,0,0,0.00024564,0,0.003184713,0,0.00012456,0.041188119,0.001362398,0.00044368,0,0,0.023639229,0.008612663,0.00117096,0.008104177,0.000185471,0,0.000170323,0.00075643,0,0.015466438,0.050883152,0.000613604,0.033521894,0,0.010258054,0.000583309,0.008330471,0.072666444,0.00730001,0.044894088,0.004489164,0,0.0921886,0.002866613,0.01432958,0.036554497,0.005252889,0.009029345,0.013604577,0.000713267,0.024679171,0.021313364,0.084318361,0,0.007994814,0.001523892,0.050255202,0.01678038,0,0,0,0,0,0
k__Bacteria;p__Armatimonadetes,0,0,0,0,0,0,0,0,0,0,0,0,0,0,0,0,0,0,0,0,0,0,0,0,0,0,0,0,0,0,0,0,0,0,0,0,0,0,0,0,0,0,0,0,0,0,0,0,0,0,0,0,0,0,0,0,0,0,0,0,0,0,0,0,0,0,0,0,0,0,0,0,0,0,0,0,0,0,0,0,0,0,0,0,0,0,0,0,0,0,0,0,0,0,0,0,0,0,0,0,0,0,0,0,0,0,0,0,0,0,0,0,0,0,0,0,0,0,0,0,0,0,0,0,0,0,0,0,0,0,0,0,0,0,0,0,0,0,0,0,0,0,0,0,0,0,0,0,0,0,0,0,0,0,0,0,0,0,0,0,0,0,0,0,0,0,0,0,0,0,0,0,0,0,0,0,0,0,0,0,0,0,0,0,0,0,0,0,0,0,0,0,0,0,0,0,0,0,0,0,0,0,0,0,0,0,0,0,0,0,0,0,0,0,0,0,0,0,0,0,0,0,0,0,0,0,0,0,0,0,0,0,0,0,0,0,0,0,0,0,0,0,0,0,0,0,0,0,0,0,0,0,0,0,0,0,0,0,0,0,0,0,0,0,0,0,0,0,0,0,0,0,0,0,0,0,0,0,0,0,0,0,0,0,0,0,0,0,0,0,0,0,0,0,0,0,0,0,0,0,0,0,0,0,0,0,0,0,0,0,0,0,0,0,0,0,0,0,0,0,0,0,0,0,0,0,0,0,0,0,0,0,0,0,0,0,0,0,0,0,0,0,0,0,0,0,0,0,0,0,0,0,0,0,0,0,0,0,0,0,0,0,0,0,0,0,0,0,0,0,0,0,0,0,0,0,0,0,0,0,0,0,0,0,0,0,0,0,0,0,0,0,0,0,0,0,0,0,0,0,0,0,0,0,0,0,0,0,0,0,0,0,0,0,0,0,0,0,0,0,0,0,0,0,0,0,0,0,0,0,0,0,0,0,0,0,0,0,0,0,0,0,0,0,0,0,0,0,0.000446694,0,0,0,0,0,0,0,0,0,0,0,0,0,0,0,0,0,0
k__Bacteria;p__BRC1,0,0,0,0,0,0,0,0,0,0,0,0,0,0,0,0,0,0,0,0,0,0,0,0,0,0,0,0,0,0,0,0,0,0,0,0,0,0,0,0,0,0,0,0,0,0,0,0,0,0,0,0,0,0,0,0,0,0,0,0,0,0,0,0,0,0,0,0,0,0,0,0,0,0,0,0,0,0,0,0,0,0,0,0,0,0,0,0,0,0,0,0,0,0,0,0,0,0,0,0,0,0,0,0,0,0,0,0,0,0,0,0,0,0,0,0,0,0,0,0,0,0,0,0,0,0,0,0,0,0,0,0,0,0,0,0,0,0,0,0,0,0,0,0,0,0,0,0,0,0,0,0,0,0,0,0,0,0,0,0,0,0,0,0,0,0,0,0,0,0,0,0,0,0,0,0,0,0,0,0,0,0,0,0,0,0,0,0,0,0,0,0,0,0,0,0,0,0,0,0,0,0,0,0,0,0,0,0,0,0,0,0,0,0,0,0,0,0,0,0,0,0,0,0,0,0,0,0,0,0,0,0,0,0,0,0,0,0,0,0,0,0,0,0,0,0,0,0,0,0,0,0,0,0,0,0,0,0,0,0,0,0,0,0,0,0,0,0,0,0,0,0,0,0,0,0,0,0,0,0,0,0,0,0,0,0,0,0,0,0,0,0,0,0,0,0,0,0,0,0,0,0,0,0,0,0,0,0,0,0,0,0,0,0,0,0,0,0,0,0,0,0,0,0,0,0,0,0,0,0,0,0,0,0,0,0,0,0,0,0,0,0,0,0,0,0,0,0,0,0,0,0,0,0,0,0,0,0,0,0,0,0,0,0,0,0,0,0,0,0,0,0,0,0,0,0,0,0,0,0,0,0,0,0,0,0,0,0,0,0,0,0,0,0,0,0,0,0,0,0,0,0,0,0,0,0,0,0,0,0,0,0,0,0,0,0,0,0,0,0,0,0,0,0,0,0,0,0,0,0,0,0,0,0,0,0,0,0,0,0,0.000133824,0,0,0,0,0,0,0,0,0,0,0,0,0,0,0,0,0,0,0,0,0,0,0,0,0,0
k__Bacteria;p__Bacteroidetes,0.747055138,0.517640755,0.75686544,0.592540537,0.236929577,0.037438183,0.262301236,0.516149673,0.053826814,0.05819709,0.067588193,0.607514761,0.410578127,0.679778059,0.576896472,0.770262944,0.000712602,0.715473751,0.530412124,0.511500841,0.788599641,0.082887223,0.649091746,0.648105861,0.305552644,0.69229418,0.740476101,0.701982033,0.648494347,0.269464446,0.570017369,0.299677022,0.665085786,0.650900823,0.570930405,0.698076399,0.584393118,0.763722485,0.6853295,0.630852601,0.415846567,0.50150456,0.178298044,0.781649211,0.361943293,0.832419089,0.212923522,0.629670692,0.66593489,0.316536168,0.285090133,0.82545614,0.179678244,0.538009479,0.563937016,0.763892563,0.302301643,0.239264893,0.254154134,0.167363288,0.20089201,0.301594164,0.660270652,0.41603649,0.262761552,0.052222355,0.613063457,0.732156978,0.278349163,0.222290326,0.29712832,0.53464175,0.226294429,0.306546524,0.253998533,0.332974179,0.26065722,0.265650817,0.307089056,0.24274643,0.347552073,0.209630313,0.584974939,0.081717578,0.533640608,0.642695357,0.817885562,0.594715529,0.328043863,0.221152115,0.256426374,0.367167941,0.79586111,0.880658304,0.847471586,0.180224577,0.19456634,0.432991961,0.367762591,0.249037875,0.205737674,0.294834563,0.2880127,0.282948295,0.206857932,0.247435577,0.412632213,0.330748456,0.277088005,0.244704383,0.259621296,0.303412727,0.264222687,0.309209091,0.334727373,0.238114796,0.228426717,0.162963463,0.201689934,0.532322065,0.269163763,0.468864566,0.265736796,0.248208611,0.054694459,0.438593467,0.783316468,0.56002658,0.76873148,0.565247624,0.024908233,0.527060176,0.616030399,0.747017893,0.768234692,0.921145588,0.639950962,0.80107951,0.608276734,0.405530783,0.703482587,0.320192913,0.741179534,0.203483336,0.603163583,0.147842188,0.354238066,0.302746554,0.368707664,0.786635157,0.897965732,0.331429912,0.57807619,0.09145521,0.171050168,0.374468085,0.647263125,0.713159674,0.528988656,0.666850296,0.231770496,0.784952642,0.093488582,0.837186396,0.563179032,0.08971082,0.765162403,0.758780223,0.685513318,0.738017591,0.797133671,0.717092504,0.910287477,0.823741185,0.785502999,0.811862277,0.645831384,0.750309076,0.812210344,0.708437213,0.60549116,0.711406069,0.242067475,0.2548421,0.209484319,0.484106509,0.706427727,0.267019667,0.356200257,0.2136419,0.123106728,0.114746172,0.117362146,0.447820539,0.455541509,0.261961238,0.719111278,0.536644718,0.812291506,0.697141086,0.003186636,0.38717574,0.48871286,0.762497781,0.564355777,0.551246873,0.010410337,0.865893331,0.802932008,0.306780176,0.677497946,0.457395123,0.261686081,0.250754562,0.292510953,0.842227764,0.034075068,0.450243163,0.737491797,0.811986194,0.606659043,0.30934824,0.26946417,0.689131448,0.264661176,0.64009881,0.568307761,0.207703641,0.338144109,0.156575334,0.317309693,0.692080397,0.201389213,0.676164092,0.045460166,0.734171018,0.08270451,0.330748501,0.564097505,0.347193347,0.641566646,0.335793034,0.413876589,0.26448626,0.734303063,0.078097883,0.724055968,0.55806396,0.721615249,0.894330185,0.804254848,0.82291477,0.809792169,0.516088487,0.338074796,0.798942576,0.715139958,0.792489288,0.301257797,0.222501797,0.454086138,0.006626461,0.012793882,0.163796467,0.147082463,0.431255729,0.00885771,0.031508833,0.001958173,0.157276044,0.09657499,0.695678811,0.753646321,0.604495783,0.317602387,0.479345428,0.561134207,0.756866059,0.295233019,0.762449475,0.73462109,0.595110196,0.436441771,0.7198932,0.063231056,0.334624578,0.746079023,0.680772117,0.04976248,0.371416632,0.079977959,0.578721819,0.120345983,0.750130276,0.782076357,0.705806452,0.367390052,0.001035733,0.000741882,0.000562193,0.547752315,0.579071443,0.713456121,0.762924554,0.653904862,0.786586291,0.339154988,0.11646484,0.724120525,0.722977393,0.789198691,0.668758826,0.840669157,0.488867312,0.28860096,0.551348311,0.671463089,0.678243237,0.680579585,0.555149045,0.709779631,0.560963993,0.460032936,0.853183135,0.751671374,0.590649284,0.742845768,0.65701622,0.631377693,0.287819857,0.110546686,0.814263659,0.464268646,0.650600361,0.244153885,0.21756487,0.47761194,0.041412981,0.0676184,0.192672186,0.015396868,0.04178855,0.00181041,0.176437535,0.19652122,0.657272017,0.198308076,0.515061814,0.346069765,0.639163252,0.241937616,0.293013925,0.645764475,0.596651301,0.182770822,0.004667519,0.625601094,0.001183432,0.702979452,0.366302223,0.082620919,0.697788026,0.382513008,0.686402565,0.43772137,0.465200791,0.711252005,0.163411079,0.142857143,0.227508772,0.001073639,0.146488363,0.00110443,0.294745438,0.110691187,0.247844828,0.051001252,0.618735835,0.64617397,0.715065598,0.55906701,0.156963891,0.498285345,0.113352335,0.471345639,0.719179473,0.565348076,0.600015074,0.665276168,0.121626567,0.034533766,0.697890678,0.087490206,0.735531092,0.574439462,0.459464618,0.763612651,0.371560166,0.760324152,0.569212131,0.000869515,0.000631552,0.110326391,0.066238768,0.05062671,0.094840147,0.430459408,0.000487437,0.088379705,0.000577645,0.160289283,0.000812398,0.000849979,0.025178089,0.133969338,0.339551107,0.097828079,0.155046243,0.132673267,0.28196589,0.251178526,0.00076821,0.000676437,0.302521518,0.425046555,0.563466042,0.478111796,0.118392581,0.091905782,0.394570105,0.733535048,0.000655058,0.558625749,0.414402174,0.001402525,0.042530903,0.489184333,0.035101779,0.799008375,0.007471659,0.459083305,0.102098753,0.542101381,0.20371517,0.028924097,0.086910626,0.257278509,0.199078813,0.262730792,0.146580619,0.308051166,0.413350286,0.188302425,0.081276736,0.291666667,0.278959811,0.095496247,0.111927398,0.035376075,0.123282293,0.198967361,0.902912621,0.666666667,0.25,0.818181818,0.833333333,1
k__Bacteria;p__Chlamydiae,0,0,0,0,0,0,0,0,0,0,0,0,0,0,0,0,0,0,0,0,0,0,0,0,0,0,0,0,0,0,0,0,0,0,0,0,0,0,0,0,0,0,0,0,0,0,0,0,0,0,0,0,0,0,0,0,0,0,0,0,0,0,0,0,0,0,0,0,0,0,0,0,0,0,0,0,0,0,0,0,0,0,0,0,0,0,0,0,0,0,0,0,0,0,0,0,0,0,0,0,0,0,0,0,0,0,0,0,0,0,0,0,0,0,0,0,0,0,0,0,0,0,0,0,0,0,0,0,0,0,0,0,0,0,0,0,0,0,0,0,0,0,0,0,0,0,0,0,0,0,0,0,0,0,0,0,0,0,0,0,0,0,0,0,0,0,0,0,0,0,0,0,0,0,0,0,0,0,0,0,0,0,0,0,0,0,0,0,0,0,0,0,0,0,0,0,0,0,0,0,0,0,0,0,0,0,0,0,0,0,0,0,0,0,0,0,0,0,0,0,0,0,0,0,0,0,0,0,0,0,0,0,0,0,0,0,0,0,0,0,0,0,0,0,0,0,0,0,0,0,0,0,0,0,0,0,0,0,0,0,0,0,0,0,0,0,0,0,0,0,0,0,0,0,0,0,0,0,0,0,0,0,0,0,0,0,0,0,0,0,0,0,0,0,0,0,0,0,0,0,0,0,0,0,0,0,0,0,0,0,0,0,0,0,0,0,0,0,0,0,0,0,0,0,0,0,0,0,0,0,0,0,0,0,0,0,0,0,0,0,0,0,0,0,0,0,0,0,0,0,0,0.000472032,0,0,0,0,0,0,0,0,0,0,0,0,0,0,0,0,0.000384283,0,0,0.000204165,0,0,0,0,0,0,0,0,0,0,0,0,0,0,0,0,0,0,0,0,0,0,0,0,0,0,0,0,0,0,0,0,0,0,0,0,0,0,0,0,0,0,0,0,0,0,0,0,0,0,0,0,0,0,0,0,0,0,0,0,0,0,0,0,0,0,0,0,0,0.000912501,0,0,0,0,0,0,0,0,0,0,0,0,0,0,0,0,0,0,0,0,0,0,0,0,0
k__Bacteria;p__Chlorobi,0,0,0,0,0,0,0,0,0,0,0,0,0,0,0,0,0,0,0,0,0,0,0,0,0,0,0,0,0,0,0,0,0,0,0,0,0,0,0,0,0,0,0,0,0,0,0,0,0,0,0,0,0,0,0,0,0,0,0,0,0,0,0,0,0,0,0,0,0,0,0,0,0,0,0,0,0,0,0,0,0,0,0,0,0,0,0,0,0,0,0,0,0,0,0,0,0,0,0,0,0,0,0,0,0,0,0,0,0,0,0,0,0,0,0,0,0,0,0,0,0,0,0,0,0,0,0,0,0,0,0,0,0,0,0,0,0,0,0,0,0,0,0,0,0,0,0,0,0,0,0,0,0,0,0,0,0,0,0,0,0,0,0,0,0,0,0,0,0,0,0,0,0,0,0,0,0,0,0,0,0,0,0,0,0,0,0,0,0,0,0,0,0,0,0,0,0,0,0,0,0,0,0,0,0,0,0,0,0,0,0,0,0,0,0,0,0,0,0,0,0,0,0,0,0,0,0,0,0,0,0,0,0,0,0,0,0,0,0,0,0,0,0,0,0,0,0,0,0,0,0,0,0,0,0,0,0,0,0,0,0,0,0,0,0,0,0,0,0,0,0,0,0,0,0,0,0,0,0,0,0,0,0,0,0,0,0,0,0,0,0,0,0,0,0,0,0,0,0,0,0,0,0,0,0,0,0,0,0,0,0,0,0,0,0,0,0,0,0,0,0,0,0,0,0,0,0,0,0,0,0,0,0,0,0,0,0,0,0,0,0,0,0,0,0,0,0,0,0,0,0,0,0,0,0,0,0,0,0,0,0,0,0,0,0,0,0,0,0,0,0,0,0,0,0,0,0,0,0,0,0,0,0,0,0,0,0,0,0,0,0,0,0,0,0,0,0,0,0,0,0,0,0,0,0,0,0,0,0,0,0,0,0,0,0,0,0,0,0,0,0,0,0,0,0,0,0,0,0,0,0,0,0,0,0,0,0,0,0,0.001631742,0,0,0,0,0,0,0,0,0,0,0,0,0,0,0,0,0,0,0,0,0,0,0,0,0,0,0
k__Bacteria;p__Chloroflexi,0,0,0,0,0,0,0,0,0,0,0,0,0,0,0,0,0,0,0,0,0,0,0,0,0,0,0,0,0,0,0,0,0,0,0,0,0,0,0,0,0,0,0,0,0,0,0,0,0,0,0,0,0,0,0,0,0,0,0,0,0,0,0,0,0,0,0,0,0,0,0,0,0,0,0,0,0,0,0,0,0,0,0,0,0,0,0,0,0,0,0,0,0,0,0,0,0,0,0,0,0,0,0,0,0,0,0,0,0,0,0,0,0,0,0,0,0,0,0,0,0,0,0,0,0,0,0,0,0,0,0,0,0,0,0,0,0,0,0,0,0,0,0,0,0,0,0,0,0,0,0,0,0,0,0,0,0,0,0,0,0,0,0,0,0,0,0,0,0,0,0,0,0,0,0,0,0,0,0,0,0,0,0,0,0,0,0,0,0,0.000324807,0,0,0,0,0,0,0,0,0,0,0,0,0,0,0,0,0,0,0,0,0,0,0,0,0,0,0,0,0,0,0,0,0,0,0,0,0,0,0,0,0,0,0,0,0,0,0,0,0,0,0,0,0,0,0,0,0,0,0,0,0,0,0,0,0,0,0,0,0,0.000449317,0,0,4.72E-05,0,0,0,0,0,0,0,0,0,0,0,0,0,0,0,0,0,0,0,0,0,0,0,0,0,0,0,0,0,0,0,0,0,0,0,0,0,0,0,0,0,0,0,0,0,0,0,0,0,0,0,0,0,0,0,0,0,0,0,0,0,0,0,0,0,0,0,0,0,0,0,0,0.015568862,0,0,0,0,0,0,0,0,0,0,0,0,0,0,0,0,0,0,0,0,0,0,0,0,0,0,0,0,0,0,0,0,0,0,0,0,0,0,0,0,0,0,0,0,0,0,0,0,0,0,0,0,0,0,0,0,0,0,0,0,0,0,0,0,0,0,0,0,0,0,0,0,0,0,0,0,0,0,0,0,0,0,0,0,0,0,0,0,0,0,0,0,0,0,0,0,0,0,0,0,0,0,0,0.001030574,0,0,0,0,0,0,0,0,0,0,0,0,0,0.002796973,0,0,0,0,0,0,0,0,0,0,0,0,0
k__Bacteria;p__Cyanobacteria,0.000281955,0.000412167,0.002697819,0.000342806,0.00928831,0.024970398,0.015345576,0.001084991,0.072414788,0.065359232,0.070295176,0.000171766,0.00051212,0.000164808,0.000614864,0.000496973,0,7.88E-05,6.86E-05,0,4.99E-05,4.46E-05,3.54E-05,0.007289654,0.013942761,0.00307413,0.001278628,0.004848139,3.73E-05,0.017851785,0.000470401,0.000281965,0,0,0,0.000398565,0,0,7.57E-05,7.23E-05,0.000167748,0,4.48E-05,0.000295029,0.012120503,0.005279759,0.00464935,0.000593942,0.001900835,0.003196609,0,0.000125256,0.002213631,0.000821485,0.00013621,2.40E-05,0.000452917,8.88E-05,0.007037935,0.002681992,0.00071171,0.003728722,2.89E-05,0.000120034,0.004525633,0.09887387,0.000568928,2.26E-05,0.004748911,0.001174788,0.000905485,4.08E-05,0.000122986,0.000845899,0.000476889,0.001308346,0.00768767,0.001542133,0.000841825,0.003703138,0.007080981,0.000845438,0.000174846,0.086153283,0.00047887,9.44E-05,4.75E-05,0.000161976,0.000609208,0.000315032,0.009494823,0.005887533,0.006254665,0,0,0.008060826,0.005162623,0.000807547,0.003632157,0.006635348,0.004168075,0.010640324,0.00218809,0.008030803,0.003154574,0.002460178,0.001762834,0.004465599,0.004156867,0.007798148,0.007838436,0.014717384,0.004789272,0.000959735,0.008482601,0.000444946,0.000295452,0.000225119,0.018460691,0.000426943,0.010334178,0.002523777,0,0.000996947,0,4.31E-05,0,0,9.41E-05,0,0.315679077,7.67E-05,4.42E-05,6.21E-05,3.66E-05,6.93E-05,3.83E-05,0,0.000609247,0.000179804,0,0.001845251,0.000358026,0.007933251,0.000150934,0.092579405,0.000377796,0.009801673,0.00026564,0.001793514,0.001636399,0.003520025,0.000202848,0.068291042,0.000561587,0.021160542,8.61E-05,0.004290945,0.000531016,0.000103292,0.000938998,5.96E-05,5.65E-05,5.79E-05,0,0.075026312,7.19E-05,0,0.001460583,0,0,2.11E-05,0,4.93E-05,0,5.03E-05,0,4.26E-05,0,0,0,0,0.006369181,0.000100095,0.000292005,0.004468605,0.001026694,0.000868493,0.000770218,0.173041007,0.241106023,0.069889874,0.077123696,0.000118691,0.002431197,0.003413364,0.000150631,0.002147151,0.028740056,0,0.000503153,0.003361345,0.000667363,0.001420346,0.000698254,0,0.002430429,8.56E-05,0.000168506,0.000221123,0.000368282,4.67E-05,0.017249104,0.001852106,0.002087897,0,0.032732717,0.001777964,0.000531267,0.000627549,0,0.00315176,0.000968367,7.77E-05,0.001449327,0,0.000960953,0.000420964,0.002423206,0.002746375,0.000457818,3.25E-05,0.000279707,0.000106553,0.116968223,0.000203982,0.02801835,0.000659957,0.00037266,0,0.000168457,4.39E-05,3.19E-05,0,0.000200173,0.121080643,0.000617998,0.00125557,0.000365291,0.000535942,3.69E-05,0.000254851,0.000195452,5.03E-05,0.012332654,0.000704949,0.000470843,8.40E-05,0.079762757,0.140905823,0.004267635,0.015039833,0.005476348,0.113972023,0.240797299,0.000274977,0.014526644,0.027396467,0.018015195,0.165991082,0.120647264,0,0.000165116,0.000267253,0.223487931,0.007109586,3.55E-05,0,0.002056046,0.002627324,0.004797525,0.00030122,0,0.001837789,0.06142284,0,7.54E-05,0.000166764,0.092204657,0.007145842,0.096941788,0.005729458,0.110169999,0,0.000273823,0.000419355,0.000864221,0,0,0,0.00014081,0.000130967,0.000260022,0.000122726,0.000600556,0.00011374,0.000941226,0.096197153,7.77E-05,2.42E-05,0.000341814,0.001451436,0.000162417,0.000502227,0.000220437,0.000949267,0.0010819,0.000215712,0,0.000441978,7.15E-05,0.000952562,0.000633392,9.35E-05,3.58E-05,3.21E-05,9.37E-05,9.43E-05,0.000279111,0.00034118,0.081615868,0.00064328,0.000796508,0.000408177,0.103595675,0.134530938,0.000340935,0.054623779,0.076909132,0.004086665,0.002654632,0,0,0.006056065,0.005486917,0,0.000778493,0.001088281,0.000142572,0,0.00865715,0.16367713,0.005814665,0.002627368,0.005988024,0.010294118,7.32E-05,5.38E-05,3.42E-05,0.000289624,0.189913363,3.91E-05,0,0.000938563,0.045380756,0,0.000190971,0.068950437,0.155634547,0.147508772,0,0.28123724,0,2.82E-05,0.08111899,0.186153017,0.120463079,6.30E-05,0.000150928,8.81E-05,0,0.167464996,0,0.104089016,7.44E-05,6.77E-05,5.37E-05,0.000376847,7.72E-05,0.071127985,0.003242874,0,0.090049621,0.000147567,0,0.00014315,0.000326052,0,2.05E-05,0,0,6.32E-05,0.002154656,0,0.001918916,0.081297677,0.000740384,8.86E-05,0.137777117,4.81E-05,0.051019066,0,0,0.053058217,0.093878763,0.08492569,0.047608138,0.065238377,0.07960396,0,0,0,7.52E-05,0,0,5.85E-05,0.001038997,0.097496136,0.10509636,0,0.000100857,0.000545881,0,0,0.002191445,0.215587681,0.000790514,0.276807181,0,0.021727929,0.000468384,0.256818412,0,0.313312693,0.102063375,0.086558761,0.15981367,0.239713408,0.125074449,0,0.107148232,0.173172282,0.220399429,0.300098717,0.129800307,0.111899133,0.084028357,0.087294728,0.19386089,0.182175108,0.222939332,0,0,0,0,0,0
k__Bacteria;p__Deferribacteres,0.000156642,0.005193306,0.000178158,0.002365363,0.019446429,3.48E-05,0.001471494,0.001224092,0.005687673,0.000824959,0.001324694,0.003070317,0.018436326,0.001620612,0.000947916,0.000632511,0,3.94E-05,0.011897415,0.002903867,4.99E-05,0,0.000106229,0.001522337,0.020617116,0.000497716,0.002218796,0.001140739,0,0.000262526,0,0.00048703,0,0,0,2.10E-05,0,0,0.000491791,0,0.003019459,0,0,0.000147514,0.000150461,4.57E-05,0.002533478,0.011641259,0.004363889,7.18E-05,0,2.09E-05,0.000841803,0.000695103,0.007137409,2.40E-05,0.004179191,0.00402474,0.000204421,0.010936956,0.003273866,0.00097271,0.001125314,3.00E-05,0.011891238,0.006767033,0.00249453,0,0.003751902,0.012411891,0.019015178,0.000244818,0.007092199,0.002133137,0.003631695,0.002347328,0.000783841,0.000587479,0.00026584,9.54E-05,0.000146,0.000230574,0.006818977,0.004938723,0.021399497,9.44E-05,0.000174015,0.005669164,0.001595544,0.004140414,0.000595494,0.000310779,0.000334612,0,3.29E-05,0.004892816,0.002032783,7.34E-05,0.000269049,0.000238873,0.002102813,0.001594858,0.00160889,0.000513385,0.009202397,0.000959053,0.000838421,0.000294141,0.00024613,0.000149964,0.003534981,0.000284394,0.001915709,0.00030537,0.00019727,0.000171133,0.000422074,9.00E-05,0.003765614,2.51E-05,0.002296484,0.000185962,0,0.006667082,0,0,0,0,0.000752552,0,0,0.021579149,0,0,0,0,0,0,0.000293341,0.000539413,0.000257969,0.000209688,0.000943888,0.001960516,0.000150934,0,0.000755593,0.000458802,0.000212512,0.000506404,0,0.002033792,0.018012901,0.006055363,0.001169974,0.000232108,0.000315738,0.005200438,0,0.001170638,0.000356171,0,0,0,0,0.000400942,0.000119766,0,0,0,3.42E-05,0,0,0,0,0,0,0,0,0,0,0,0.003088088,0.010159652,0.000992817,0.000299443,0.00127559,0.000252143,0.00012837,0.02679659,0.000704473,0.000805802,0.000106451,5.93E-05,0.011264547,0.004425803,0,0.001145147,0.002523309,0,0.000167718,0.000548045,0.002176184,0.00038045,0.000665004,0,0.000324057,0.001326941,0,0.000193482,0.0004816,0.001261329,0.004965651,0.000548772,0.01523138,0,0.00092932,0.001621085,0.001312541,0.000564794,0,0.003508563,0.012298257,0,0.002439111,0,0,0.001094506,0.001140332,3.19E-05,0.000249719,6.49E-05,0.006433267,0.000191795,0.000288505,0,0.001093294,0.001869878,0.004274628,0,0.000294799,0,3.19E-05,0,0.000333622,0.000173551,0.00122015,0.002535759,0.000365291,0.00024564,0,0.000218444,0.00035833,0.013097034,0.001346042,0.000146864,0.00087106,0.000714106,0,0.037203451,0.003875208,0.001489092,0.000283259,0.000613052,0.01591384,0,0.001204649,5.79E-05,0,0,0.000800503,0,0,0.000118779,0,0.000612895,0.000532992,0.000120722,7.61E-05,0.001455133,0.000883755,0.010191275,0,0.000173376,0.00016952,5.49E-05,0,4.17E-05,0.006230044,0,0.001889243,0.005449972,0.002065126,0.001708066,0,0.002,0.000336086,0,0,0,0.00190094,0.011623338,0.000476706,0.000460222,0.004954583,0,0.001080667,0.000934778,0,0.001066124,0.000341814,0.000863016,0.001434681,0.018281046,0.002547271,0.000632845,0.000252443,0.002459122,0.000216263,0.003462162,0.000762359,0.000285769,0.015328097,0.000140226,0.001251296,0.000545887,0.001405086,0,0.000307022,0.00034118,9.68E-05,0.000171541,0.010513907,0.001258546,0,0,0.000984923,0.003561172,0.005302515,0.002994539,0.00079639,0,0,0.001123806,0.000223956,0.000446478,0.000259498,0.003656625,0,8.63E-05,0.065622522,0,0.000275432,0.00453818,0,0,0.000854346,0,3.42E-05,0.000144812,0,0.000117242,0.001076491,0.000625709,0.001844746,0,0.000267359,0.009620991,0.00672495,0.056701754,0,0.026031033,0,5.63E-05,0.000311696,0.000269397,0,0,0,0,0,0,0,0.001479939,7.44E-05,3.39E-05,0,0,0,4.57E-05,0,0.000226809,0.003133978,0.00070832,0,0,0.000419209,0,0,0,0,0,3.99E-05,0,0,0.004757007,7.40E-05,0,0.013242077,0,0.000920447,0,0,0.001228199,0.000185605,0,4.58E-05,0.003020584,0.003564356,0,0,0,0,0,0,0.005679157,0.004744753,0.001236476,0.001970021,0.000136258,0.000504286,0,0,0,0,0,0,0.001763103,4.17E-05,0,0,0.006590287,0,0.00371517,0.003131909,0,0,0.001535312,0.038564622,0,0,0,0,0,0.005568356,0,0.00145955,0.00108038,0.002503538,0,0.005163194,0,0,0,0,0,0
k__Bacteria;p__Firmicutes,0.187719298,0.439246558,0.211040696,0.371670495,0.576372278,0.318241973,0.583687443,0.439949923,0.290236162,0.30219739,0.341828654,0.346129898,0.540429043,0.285419986,0.385801757,0.201387006,0.654004276,0.221346366,0.427381197,0.418653523,0.190754039,0.842835475,0.335788393,0.312518297,0.556172904,0.288060663,0.243465834,0.264793954,0.34266204,0.602947795,0.342488059,0.601302163,0.15099735,0.326948913,0.232341594,0.088334627,0.368477651,0.211121283,0.268253007,0.338126204,0.537771192,0.270820795,0.758538878,0.177813837,0.548197807,0.12863412,0.588797016,0.301168086,0.311790533,0.625673443,0.488337691,0.104108388,0.748643761,0.440821485,0.390023973,0.186284175,0.629101989,0.67701459,0.650702333,0.784743992,0.608606946,0.659011078,0.218541709,0.533759453,0.670215105,0.283395137,0.356761488,0.008382097,0.611428871,0.687199918,0.632114522,0.450832381,0.686508425,0.616586981,0.613793103,0.549236157,0.653964426,0.625335047,0.658263181,0.42832328,0.527910259,0.697717316,0.37941485,0.315803914,0.421345624,0.311627029,0.109597709,0.349605183,0.542601027,0.698649865,0.652165283,0.532191509,0.164294355,0.096532033,0.135859002,0.685979795,0.734383067,0.506552142,0.578750538,0.641691217,0.703390785,0.539800048,0.508881071,0.575944261,0.694510294,0.62288383,0.539491788,0.589539268,0.625690532,0.657668804,0.601407845,0.577248489,0.621676535,0.516468176,0.534246035,0.585926002,0.706805951,0.748249702,0.647838599,0.377392134,0.627890402,0.411986611,0.673165045,0.699700916,0.903319675,0.533525812,0.01421092,0.411326048,0.185551009,0.240941049,0.288148925,0.445611345,0.046217745,0.131026342,0.143134099,0.04353096,0.230901847,0.167324061,0.355303834,0.54933832,0.269467477,0.602222688,0.131786226,0.728810468,0.343737737,0.270360348,0.530830882,0.580717816,0.510426351,0.174118541,0.074632612,0.600086045,0.39879914,0.413927336,0.748923624,0.510638298,0.312638135,0.25661715,0.085493604,0.264323096,0.697416138,0.16953595,0.862310649,0.020337215,0.227224688,0.280108254,0.199770049,0.084925775,0.037321751,0.166765491,0.173587358,0.013723754,0.03056504,0.101642255,0.008238189,0.06946469,0.1800786,0.19009251,0.077921275,0.258824301,0.19423955,0.103761635,0.659113719,0.669486012,0.696986509,0.457709495,0.253033414,0.653975458,0.465032092,0.374259034,0.311905601,0.273704002,0.290877156,0.338417258,0.502366365,0.648018513,0.238410845,0.446941502,0.120049611,0.072635004,0.755601771,0.534161491,0.484070334,0.216070206,0.417722361,0.385763861,0.793292016,0.118953857,0.14339877,0.575720722,0.302161534,0.396430907,0.618764934,0.683289889,0.586801752,0.06178997,0.358149621,0.387596088,0.226944592,0.168559774,0.26710943,0.609479068,0.644609425,0.280337166,0.645409877,0.343416011,0.270476313,0.69029678,0.580500321,0.739445615,0.579681192,0.16209371,0.713533169,0.270239744,0.392655484,0.217689295,0.509861087,0.60031348,0.390547591,0.440089245,0.334470415,0.595291431,0.41932401,0.715551573,0.213017949,0.286127502,0.209723169,0.418474113,0.241855677,0.089814877,0.165843227,0.157388867,0.160010424,0.426747109,0.600552969,0.172477603,0.241942698,0.174787869,0.514981082,0.372483825,0.430246247,0.879979153,0.933292418,0.564454105,0.317794567,0.309990834,0.92609127,0.904720533,0.96804261,0.310701257,0.29732975,0.079276262,0.158952061,0.381607079,0.244100895,0.450478058,0.411683189,0.180901793,0.599185196,0.213217462,0.230565287,0.352477534,0.263321874,0.266583446,0.299372775,0.408829913,0.021376866,0.299049446,0.316914571,0.539866277,0.285905459,0.381265139,0.325870945,0.236581553,0.208770146,0.281870968,0.587574419,0.486690834,0.376191291,0.676247365,0.4239096,0.369589418,0.255427952,0.220722241,0.309236043,0.033515317,0.557833089,0.24648396,0.230488468,0.23423227,0.206553054,0.282127726,0.112636024,0.457260522,0.654183404,0.424990332,0.303328645,0.275033435,0.286115917,0.404680057,0.22649196,0.353495904,0.49917659,0.117042161,0.203925494,0.367285338,0.203924875,0.178140324,0.338785308,0.663982714,0.249492017,0.161892101,0.491318062,0.31887139,0.422177521,0.310978044,0.493219183,0.282940839,0.294538862,0.711995772,0.788585081,0.34350188,0.518531556,0.709745895,0.69045575,0.330059158,0.740035292,0.371931046,0.189668282,0.332499461,0.562450436,0.310479113,0.172879177,0.374805933,0.637316277,0.969117647,0.311396978,0.627595481,0.276061644,0.554340743,0.489184692,0.140221979,0.40344477,0.283446091,0.406508264,0.253737522,0.245283019,0.602915452,0.413200115,0.384140351,0.514146773,0.271335239,0.539636765,0.545843658,0.322060313,0.394127155,0.506257822,0.131138252,0.010061881,0.277890288,0.094585524,0.34156227,0.374700744,0.335288314,0.146546591,0.160009478,0.046159626,0.124208622,0.32769409,0.27179581,0.915173238,0.258732139,0.347558109,0.197326093,0.390881913,0.516390705,0.185895943,0.443279018,0.029816232,0.156635923,0.7084227,0.607174435,0.795906153,0.783825417,0.902543584,0.350475701,0.236219598,0.594806576,0.516738581,0.692933475,0.24556213,0.547556555,0.460263493,0.784450995,0.317198114,0.392629663,0.358458578,0.273347243,0.532277228,0.647593097,0.63562753,0.67811998,0.627207817,0.639895745,0.518544382,0.409192037,0.41400568,0.312272025,0.289764454,0.313598583,0.250832073,0.430645778,0.331825407,0.367663043,0.992110799,0.320553111,0.102407474,0.472992467,0.041081622,0.940226726,0.323251924,0.437392274,0.314469386,0.276625387,0.191967576,0.210415201,0.421840007,0.347082907,0.402248362,0.201160638,0.263506396,0.169866497,0.221112696,0.457880882,0.40687404,0.173758865,0.285446205,0.117761452,0.654729509,0.457400864,0.254840494,0.077669903,0.291666667,0.5,0.090909091,0.166666667,0
k__Bacteria;p__Fusobacteria,0,0,0,0,0,0,1.50E-05,0,0,0,0,0,0,0,0,0,0,0,0,0,0,0,0,0,0,0,0,0,0,0,0,0,0,0,0,0,0,0,0,0,0,0,0,0,0,0,0,0,0,0,0,0,0,0,0,0,0,0,0,0,0,0,0,0,0,0,0,0,0,0,0,0,0,0,0,0,0,0,0,0,0,0,0,0,0,0,0,0,0,0,0,0,0,0,0,0,0,0,0,0,0,0,0,0,1.87E-05,0,0,0,0,0,0,0,0,0,0,0,0,0,0,0,0,0,0,0,0,0,0,0,0,0,0,0,0,0,0,0,0,0,0,0,0,0,0,0,0,0,0,0,0,0,0,0,0,0,0,0,0,0,0,0,0,0,0,0,0,0,0,0,0,0,0,0,0,0,0,0,0,0,0,0,0,0,0,0,0,0,0,0,0,0.000324807,0,0,0,0,0,0,0,0,0,0,0,0,0,0,0,0,0,0,0,0,0,0,0,0,0,0,0,0,0,0,0,0,0,0,0,0,0,0,0,0,0,0,0,0,0,0,0,0,0,0,0,0,0,0,0,0,0,0,0,0,0,0,0,0,0,0,0,0,0,0,0,0,0,0.000390124,0,0,0,0,0,0,0,0,0,0,0,0,0,0,0,0,0,0,0,0,0,0,0,0,0,0,0,0,0,0,0,0,0,0,0,0,0,0,0,0,0,0,0,0,0,0,0,0,0,0,0,0,0,0,0,0,0,0,0,0,0,0,0,0,0,0,0,0,0,0,0,0,0,0,0,0,0,0,0,0,0,0,0,0,0,0,0,0,0,0,0,0,0,0,0,0,0,0,0,0,0,0,0,0,0,0,0,0,0,0,0,0,0,0,0,0,0,0,0,0,0,0,0,0,0,0,0,0,0,0,0,0,0,0,0,0,0,0,0,0,0,0,0,0,0,0,0,0,0,0,0,0,0,0,0,0,0,0,0,0,0,0,0,0,0,0,0,0,0,0,0,0,0,0,0,0,0,0,0,0,0,0,0,0,0,0,0,0,0,0,0,0,0,0,0,0,0,0,0,0,0,0,0
k__Bacteria;p__GN02,0,0,0,0,0,0,0,0,0,0,0,0,0,0,0,0,0,0,0,0,0,0,0,0,0,0,0,0,0,0,0,0,0,0,0,0,0,0,0,0,0,0,0,0,0,0,0,0,0,0,0,0,0,0,0,0,0,0,0,0,0,0,0,0,0,0,0,0,0,0,0,0,0,0,0,0,0,0,0,0,0,0,0,0,0,0,0,0,0,0,0,0,0,0,0,0,0,0,0,0,0,0,0,0,0,0,0,0,0,0,0,0,0,0,0,0,0,0,0,0,0,0,0,0,0,0,0,0,0,0,0,0,0,0,0,0,0,0,0,0,0,0,0,0,0,0,0,0,0,0,0,0,0,0,0,0,0,0,0,0,0,0,0,0,0,0,0,0,0,0,0,0,0,0,0,0,0,0,0,0,0,0,0,0,0,0,0,0,0,0,0.00105671,0,0,0,0,0,0,0,0,0,0,0,0,0,0,0,0,0,0,0,0,0,0,0,0,0,0,0,0,0,0,0,0,0,0,0,0,0,0,0,0,0,0,0,0,0,0,0,0,0,0,0,0,0,0,0,0,0,0,0,0,0,0,0,0,0,0,0,0,0,0,0,0,0,0,0.000183318,0,0,0.000156654,0.000202675,0,0,0,0,0,0,0,0,0,0,0,0,0,0,0,0,0,0,0,0,0,0,0,0,0,0,0,0,0,0,0,0,0,0,0,0,0,0,0,0,0,0,0,0,0,0,0,0,0,0,0,0,0,0,0,0,0,0,0,0,0,0,0,0,0,0,0,0,0,0,0,0,0,0,0,0,0,0,0,0,0,0,0,0,0,0,0,0,0,0,0,0,0,0,0,0,0,0,0,0,0,0,0,0,0,0,0.004067584,0,0,0,0,0,0,0,0,0,0,0,0,0,0,0,0,0,0,0,0,0,0,0,0,0,0,0,0,0,0,0,0,0,0,0,0,0,0,0,0,0,0.001188119,0,0,0,0,0,0,0,0,0,0,0,0,0,0,0,0,0,0,0,0,0,0,0,0,0,0,0.003518649,0,0,0,0,0.000601956,0,0,0,0,0,0,0,0,0.000392619,0,0,0,0,0,0,0
k__Bacteria;p__Gemmatimonadetes,0,0,0,0,0,0,0,0,0,0,0,0,0,0,0,0,0,0,0,0,0,0,0,0,0,0,0,0,0,0,0,0,0,0,0,0,0,0,0,0,0,0,0,0,0,0,0,0,0,0,0,0,0,0,0,0,0,0,0,0,0,0,0,0,0,0,0,0,0,0,0,0,0,0,0,0,0,0,0,0,0,0,0,0,0,0,0,0,0,0,0,0,0,0,0,0,0,0,0,0,0,0,0,0,0,0,0,0,0,0,0,0,0,0,0,0,0,0,0,0,0,0,0,0,0,0,0,0,0,0,0,0,0,0,0,0,0,0,0,0,0,0,0,0,0,0,0,0,0,0,0,0,0,0,0,0,0,0,0,0,0,0,0,0,0,0,0,0,0,0,0,0,0,0,0,0,0,0,0,0,0,0,0,0,0,0,0,0,0,0,0,0,0,0,0,0,0,0,0,0,0,0,0,0,0,0,0,0,0,0,0,0,0,0,0,0,0,0,0,0,0,0,0,0,0,0,0,0,0,0,0,0,0,0,0,0,0,0,0,0,0,0,0,0,0,0,0,0,0,0,0,0,0,0,0,0,0,0,0,8.99E-05,0,0,0,0.00027866,0,0,0.000141723,0,0,0,0,0,0,0,0,0,0,0,0,0,0,0,0,0,0,0,0,0,0,0,0,0,0,0,0,0,0,0,0,0,0,0,0,0,0,0,0,0,0,0,0,0,0,0,0,0,0,0,0,0,0,0,0,0,0,0,0,0,0,0,0,0,0,0,0.002011567,0.003193613,0,0,0,0,0,0,0,0,0,0,0,0,0,0,0,0,0,0,0,0,0,0,0,0,0.000631132,0,0,0,0,0,0,0,0,0,0,0.00040833,0,0,0,0,0,0,0,0,0,0,0,0,0,0,0,0,0,0,0,0,0,0,0,0,0,0,0,0,0,0,0,0,0,0,0,0,0,0,0,0,0,0,0,0,0,0,0,0,0,0,0,0,0,0,0,0,0,0,0,0,0,0,0,0,0,0,0,0.000515287,0,0,0,0,0,0,0,0,0,0,0,0,0,0,0,0,0,0,0,0,0,0,0,0,0,0,0
k__Bacteria;p__Lentisphaerae,0,0,0,0,0,6.97E-05,0,0,0,0,0,0,0,0,0,0,0,0,0,0,0,0,0,0,0,0,0,0,0,0,0,0,0,0,0,0,0,0,0,0,0,0,0,0,0,0,0,0,0,0.000107751,0,0,0,0,0,0,0,0,2.92E-05,0,0,0,0,0,1.83E-05,0,0,0,0,0,0,0,0,0,3.67E-05,0,0,3.67E-05,0,0,0,0,0,0,0,0,0,0,0,0,0,3.45E-05,0,0,0,0,0,3.67E-05,0.000107619,0,0,0,0,3.67E-05,0,0,0,0,0,0,0,0,0,0,0,0,0,0,0,0,7.92E-05,0,0,0,0,0,0,0,0,0,0,0,0,0,0,0,0,0,0,0,0,0,0,0,0,0,0,0,0,0,0,7.82E-05,0,0,0,7.74E-05,0,0,0,0,0,0,0,0,0,0,0,0,0,0,0,0,0,0,0,0,0,0,0,0,0,0,3.86E-05,0,5.84E-05,0,0,2.80E-05,0,0,0,0,0,0,0,0,0,0,0,0,0,0,0,0,0,0,0,0,0,2.76E-05,0,0,7.47E-05,0,0,0,0,0,0,0,0,0,0,0,3.53E-05,0,0,0,3.56E-05,0,0,0,0,0,0,0,0,0,0,0,0,0,0,0,0,0,0,0,0,0,0,0,0,0,0,0,0,0,0,0,0,0,0,0,0,0,0,0,0,0,0,0,0,0,0,0,0,0,3.81E-05,0,0,0,0,0,0,0,0,0,0,0,0,0,0,0,0,0,4.80E-05,0,0,0,0,0,0,0,0,0,0,0,0,0,0,0,0,0,0,0,0,0,0,0,0,0,0,0,0,0,0,0,0,0,0,0,0,0,0,0,0,0,0,0,0,0,0,0,0,0,0,0,0,0,0,0,0,0,0,0,0,0,0,0,0,0,0,0,0,0,0,0,0,0,0,0,0,0,0,0,0,0,0,0,0,0,0,0,0,0,0,0,0,0,0,0,0,0,0,0,0,0,0,0,0,0,0,0,0,0,0,0,0,0,0,0,0,0,0,0,0,0,0,0,0,0,0,0,0,0,0,0,0,0,0,0,0,0,0,0,0,0,0,0,0,0,0,0,0,0,0,0,0,0,0,0,0,0,0,0,0,0,0,0,0,0,0,0,0,0,0
k__Bacteria;p__Nitrospirae,0,0,0,0,0,0,0,0,0,0,0,0,0,0,0,0,0,0,0,0,0,0,0,0,0,0,0,0,0,0,0,0,0,0,0,0,0,0,0,0,0,0,0,0,0,0,0,0,0,0,0,0,0,0,0,0,0,0,0,0,0,0,0,0,0,0,0,0,0,0,0,0,0,0,0,0,0,0,0,0,0,0,0,0,0,0,0,0,0,0,0,0,0,0,0,0,0,0,0,0,0,0,0,0,0,0,0,0,0,0,0,0,0,0,0,0,0,0,0,0,0,0,0,0,0,0,0,0,0,0,0,0,0,0,0,0,0,0,0,0,0,0,0,0,0,0,0,0,0,0,0,0,0,0,0,0,0,0,0,0,0,0,0,0,0,0,0,0,0,0,0,0,0,0,0,0,0,0,0,0,0,0,0,0,0,0,0,0,0,0,0,0,0,0,0,0,0,0,0,0,0,0,0,0,0,0,0,0,0,0,0,0,0,0,0,0,0,0,0,0,0,0,0,0,0,0,0,0,0,0,0,0,0,0,0,0,0,0,0,0,0,0,0,0,0,0,0,0,0,0,0,0,0,0,0,0,0,0,0,0,0,0,0,0,0,0,0,0,0,0,0,0,0,0,0,0,0,0,0,0,0,0,0,0,0,0,0,0,0,0,0,0,0,0,0,0,0,0,0,0,0,0,0,0,0,0,0,0,0,0,0,0,0,0,0,0,0,0,0,0,0,0,0,0,0,0,0,0,0,0,0,0,0,0,0,0,0,0,0,0,0,0,0,0,0,0,0,0,0,0,0,0,0,0,0,0.000127877,0,0,0,0,0,0,0,0,0,0,0,0,0,0,0,0,0,0,0,0,0,0,0,0,0,0,0,0,0,0,0,0,0,0,0,0,0,0,0,0,0,0,0,0,0,0,0,0,0,0,0,0,0,0,0,0,0,0,0,0,0,0,0,0,0,0,0,0,0,0,0,0,0,0,0,0,0,0,0,0,0,0,0,0,0,0,0,0,0,0,0,0,0,0,0,0,0,0,0,0,0,0,0,0,0,0,0,0,0,0,0
k__Bacteria;p__OD1,0,0,0,0,0,0,0,0,0,0,0,0,0,0,0,0,0,0,0,0,0,0,0,0,0,0,0,0,0,0,0,0,0,0,0,0,0,0,0,0,0,0,0,0,0,0,0,0,0,0,0,0,0,0,0,0,0,0,0,0,0,0,0,0,0,0,0,0,0,0,0,0,0,0,0,0,0,0,0,0,0,0,0,0,0,0,0,0,0,0,0,0,0,0,0,0,0,0,0,0,0,0,0,0,0,0,0,0,0,0,0,0,0,0,0,0,0,0,0,0,0,0,0,0,0,0,0,0,0,0,0,0,0,0,0,0,0,0,0,0,0,0,0,0,0,0,0,0,0,0,0,0,0,0,0,0,0,0,0,0,0,0,0,0,0,0,0,0,0,0,0,0,0,0,0,0,0,0,0,0,0,0,0,0,0,0,0,0,0,0.000406009,0.001408947,0,0,0,0,0,0,0,0,0,0,0,0,0,0,0,0,0,0,0,0,0,0,0,0,0,0,0,0,0,0,0,0,0,0,0,0,0,0,0,0,0,0,0,0,0,0,0,0,0,0,0,0,0,0,0,0,0,0,0,0,0,0,0,0,0,0,0,0.001942939,0,0,0,0,0.000780249,0.002571934,0,0,0,7.83E-05,0.000810701,0,0,0,0,0,0,0,0,0,0,0,0,0,0,0,0,0,0,0,0,0,0,0,0,0,0,0,0,0,0,0,0,0,0,0,0,0,0,0,0,0,0,0,0,0,0,0,0,0,0,0,0,0,0,0,0,0,0,0,0,0,0,0,0,0.004526025,0.006786427,0,0,0,0,0,0,0,0,0,0,0,0,0,0,0,0.002832193,0,0,0,6.39E-05,0,0,0,0,0.000344254,0,0,0,0,0,0,0,0.001056778,0.000421053,0,0.000714577,0,0,0,0,0.001877347,0,0,0,0,0,0,0,0,0,0,0,0,0,0,0,0,0,0,0,0,0,0,0,0,0,0,0,0,0,0,0,0.000297575,0,0,0,0,0.00012282,0,0,0,0,0,5.05E-05,0,0,0,0,0,0,0,0,0,0,0,0,0,0,0,0.003352189,0,0.001923385,0,0,0,0.000101389,0,0,0,0,0,0.001125896,0.001191185,0,0.000902935,0.001398601,0,0.002138861,0,0,0,0,0.000653097,0.000785238,0,0,0,0,0,0,0
k__Bacteria;p__Planctomycetes,0,0,0,0,0,0,0,0,0,0,0,0,0,0,0,0,0,0,0,0,0,0,0,0,0,0,0,0,0,0,0,0,0,0,0,0,0,0,0,0,0,0,0,0,0,0,0,0,0,0,0,0,0,0,0,0,0,0,0,0,0,0,0,0,0,0,0,0,0,0,0,0,0,0,0,0,0,0,0,0,0,0,0,0,0,0,0,0,0,0,0,0,0,0,0,0,0,0,0,0,0,0,0,0,0,0,0,0,0,0,0,0,0,0,0,0,0,0,0,0,0,0,0,0,0,0,0,0,0,0,0.00812795,0,0,0,0,0,0,0,0,0,0,0,0,0,0,0,0,0,0,0,0,0,0,0,0,0,0,0,0,0,0,0,0,0,0,0,0,0,0,0,0,0,0,0,0,0,0,0,0,0,0,0,0,0,0,0,0,0,0,0.001705238,0.000880592,0,0,0,0,0,0,0,0,0,0,0,0,0,0,0,0,0,0,0,0,0,0,0,0,0,0,0,0,0,0,0,0,0,0,0,0,0,0,0,0,0,0,0,0,0,0,0,0,0,0,0,0,0,0,0,0,0,0,0,0,0,0,0,0,0,0,0,0,0.000179727,0,0,0,0,0,0,0.000141723,0,0,0.002837454,0,0,0,0,0.000271223,0,0,0,0,0,0,0,0,0,0,0,0,0,0,0,0,0,0,0,0,0,0,0,0,0,0,0,0,0,0,0,0,0,0,0,0,0,0,0,0,0,0,0,0,0,0,0,0,0,0,0,0,0,0,0,0,0,0,0,0,0,0,0,0,0,0,0,0,0,0,0,0,0,0,0,0,0.00059004,0,0,0,0.000127877,0,0,0,0,0,0,0,0,0,0,0,0,0.000192141,0,0,0,0,0,0,0.002963362,0.00844806,0,0,0,0,0,0,0,0,0,0,0,0,0,0,0,0,0,0,0,0,0,0,0,0,0,0,0,0,0,0,0,0.002231811,0,0,0,0,0,0,0,0,0,0,0,0,0,0,0,0,0,0,0,0,0,0,0,0,0,0,0,0,0,0,0,0,0.004359728,0.00021077,0,0,0,0.000806235,0.000409417,0,0,0,0.001525747,0,0,0,0,0,0,0,0,0,0,0,0,0,0,0
k__Bacteria;p__Proteobacteria,0.02089599,0.015992086,0.003054135,0.009667135,0.008107856,0.36337675,0.010075226,0.022562248,0.289659152,0.264099295,0.292786177,0.024584004,0.012091726,0.007581168,0.019137653,0.00492455,0.344625336,0.008946871,0.013748886,0.027777778,0.007281069,0.054470021,0.006125845,0.003308156,0.016703358,0.004186673,0.00274529,0.006654309,0.003955371,0.008850885,0.0588363,0.011765611,0.129411354,0.000137793,0.191163377,0.023179711,9.35E-05,0.005532779,0.021147008,4.82E-05,0.018116752,0.196657562,8.95E-05,0.018085263,0.008509429,0.002079905,0.008825413,0.025724279,0.005193832,0.007542562,3.44E-05,0.029894368,0.019423832,0.000315956,0.017761796,0.015942482,0.015419772,0.009203634,0.008673305,0.007070707,0.008113494,0.006484734,0.110713564,0.016384588,0.010883506,0.316119551,0.011159737,0.107092022,0.01697539,0.007559506,0.011728182,4.08E-05,0.008609027,0.017065097,0.016030814,0.008004002,0.012119385,0.005434184,0.004209127,0.006814538,0.00513432,0.006801937,0.01480359,0.318501921,0.01795762,0.021140053,0.023349627,0.023041101,0.008644948,0.012736274,0.005888775,0.006612683,0.007464415,0.019794039,0.007346401,0.011052835,0.012325761,0.017362258,0.009497417,0.008758659,0.007247193,0.006165199,0.00875236,0.01543821,0.007653109,0.005003753,0.004127612,0.004866701,0.008915386,0.028943126,0.011834501,0.014930679,0.011929641,0.003708066,0.003116863,0.009857275,0.004727234,0.002633889,0.051126623,0.006831081,0.007522965,0.01006854,8.04E-05,0.015764222,0.000178158,0,0.100444366,0.01742469,0.009312826,0.000115893,0.329837441,0,0.182043125,0.115929423,0.079157217,0.029332317,0.082062677,0.027569026,0.008958188,0.009997123,0.000147411,0.007339065,0.012661112,0.00724935,0.010776708,0.273835636,0.005612975,0.014410544,0.007491035,0.005486042,0.000417121,0.008604506,8.11E-05,0.284073433,0.011044553,0.016092843,0.006917535,0.016044402,0.381317886,0.027957582,0.003723611,0.016381724,0.000169568,0.094617301,0.041936166,0.266325866,0.01329405,0.065454399,0.26893954,0.089880423,0.019975373,0.141580234,0.057440247,0.069832816,0.110635004,0.115154561,0.070319079,0.043398559,0.1014645,0.027424223,0.188385435,0.078592278,0.006176175,0.019018067,0.005402091,0.010641728,0.015213739,0.005014848,0.004082157,0.185221275,0.290419162,0.291915122,0.294602938,0.142221299,0.011604914,0.028319352,0.014008661,0.000381716,0.005645368,0.100333153,0.237756608,0.01823164,0.011577298,0.003982043,0.005453034,0.000121056,0.187831652,0.002525469,0.02123178,0.008651428,0.00388113,0.102541344,0.011424731,0.003635615,0.014478368,0.054253256,0.290980433,0.008837525,0.011875371,0.008032633,0.000175932,0.011477165,0.013976759,0.000155376,0.023472021,0.000100827,0.014894776,0.003914965,0.005452213,0.003097656,0.015607442,0.018248531,0.020418629,0.009525839,0.245641512,0.016767298,0.22453267,0.011659242,0.020978561,5.07E-05,0.005559065,8.78E-05,0.000127425,0,0.015179823,0.287053107,0.009792891,0.006696374,0.009796433,0.007480851,0.017181624,0.004368879,0.009381719,0.016968326,0.009604191,0.011191071,0.016244085,0.019154835,0.083035075,0.182063264,0.022123026,0.092770456,0.02690964,0.113024578,0.25864009,0.056278643,0.045564059,0.030582103,0.008067674,0.324685853,0.26496655,0.077560856,0.081897738,0.004543295,0.197043667,0.008151508,0.000142131,0.000241444,0.005977764,0.006669361,0.002114699,0.021085396,4.30E-05,0.004889213,0.323840199,0.181873128,0.164756447,0.005294755,0.309204891,0.01124112,0.327941119,0.004937582,0.263318568,0.002952927,0.004928806,0.00416129,0.008738237,0.511548421,0.622324944,0.321925509,0.013693808,0.019448628,0.009274106,0.003865861,0.010860046,0.075864422,0.009342536,0.299638836,0.021394735,0.012987328,4.88E-05,7.85E-05,0.017947052,0.017142666,0.003551484,7.03E-05,0.015002344,0.01415074,3.60E-05,0.014437951,0.025824896,0.000476281,0.017988346,0.013414976,3.58E-05,0.000128444,0.026040935,0.086319628,0.004605337,0.005618105,0.303628447,0.01119307,0.010163443,0.011309909,0.199647976,0.252295409,0.004091219,0.330729466,0.292771357,0.006728906,0.188478896,0.608232344,0.478953985,0.012923768,0.009704752,0.000613908,0.00866722,0.013364095,0.459984792,0.007461721,0.01678562,0.196483361,0.02001469,0.002460171,0.059744148,0.009207161,0.027729636,0.370199032,0.002534247,0.005937296,0.215445522,0.024659997,0.00023922,0.010519729,0.09149941,4.60E-05,0.017683905,0.126530612,0.234508598,0.142736842,0.484021725,0.244589628,0.458461161,8.45E-05,0.264747136,0.135506466,0.185544431,0.245089398,0.071841827,0.000176103,0.317429243,0.27358143,0.118343578,0.282284587,0.212191128,0.109674362,0.273844667,0.272158577,0.000463499,0.243756289,0.044945099,5.67E-05,0.26654479,0.029306732,0.009379671,0.006012311,0.007732079,0.000116113,0.075901445,0.089534157,0.2896064,0.391057219,0.087183784,0.125288832,0.04148124,0.218565184,0.21119461,0.403686799,0.207558399,0.305718687,0.237015122,0.450693663,0.538206545,0.129083763,0.243884331,0.148771611,0.269703079,0.301342136,0.180594059,0.000302755,0,0.320622949,0.37113867,0.00018184,0,5.85E-05,0.015758121,0.251622875,0.304154176,0.16064859,0.000201715,0.567170697,6.11E-05,0,0.002103787,0.353027446,0.404527488,0.199070364,0.091204533,0.015286843,0.054734025,0.16303356,0.053114132,0.172600619,0.640567428,0.510204082,0.151213831,0.174104401,0.128424658,0.000100055,0.288186606,0.171900826,0.271754636,0.11846002,0.128840246,0.242710796,0.316096747,0.46380726,0.106454773,0.151158225,0.279734464,0.019417476,0,0,0.090909091,0,0
k__Bacteria;p__SR1,0,0,0,0,0,0,0,0,0,0,0,0,0,0,0,0,0,0,0,0,0,0,0,0,0,0,0,0,0,0,0,0,0,0,0,0,0,0,0,0,0,0,0,0,0,0,0,0,0,0,0,0,0,0,0,0,0,0,0,0,0,0,0,0,0,0,0,0,0,0,0,0,0,0,0,0,0,0,0,0,0,0,0,0,0,0,0,0,0,0,0,0,0,0,0,0,0,0,0,0,0,0,0,0,0,0,0,0,0,0,0,0,0,0,0,0,0,0,0,0,0,0,0,0,0,0,0,0,0,0,0,0,0,0,0,0,0,0,0,0,0,0,0,0,0,0,0,0,0,0,0,0,0,0,0,0,0,0,0,0,0,0,0,0,0,0,0,0,0,0,0,0,0,0,0,0,0,0,0,0,0,0,0,0,0,0,0,0,0,0,0,0,0,0,0,0,0,0,0,0,0,0,0,0,0,0,0,0,0,0,0,0,0,0,0,0,0,0,0,0,0,0,0,0,0,0,0,0,0,0,0,0,0,0,0,0,0,0,0,0,0,0,0,0,0,0,0,0,0,0,0,0,0,0,0,0,0,0,0,0,0,0,0,0,0.002411188,0,0,0,0,0,0,0,0,0,0,0,0,0,0,0,0,0,0,0,0,0,0,0,0,0,0,0,0,0,0,0,0,0,0,0,0,0,0,0,0,0,0,0,0,0,0,0,0,0,0,0,0,0,0,0,0,0,0,0,0,0,0,0,0,0,0,0,0,0,0.000502892,0.014371257,0,0,0,0,0,0,0,0,0,0,0,0,0,0,0,0.001652112,0,0,0,0,0,0,0,0,0.000860635,0,0,0,0,0,0,0,0.002017485,0,0,0,0,0,0,0,0,0,0,0,0,0,0,0,0,0,0,0,0,0,0,0,0,0,0,0,0,0,0,0,0,0,0,0,0,0,0,0,0,0,0,0,0,0,0,0,0,0,0,0,0,0,0,0,0,0,0,0,0,0,0,0,0,0,0,0,0,0,0,0,0,0,0,0,0,0,0,0,0,0,0,0,0,0,0,0.005122143,0,0,0.001415043,0,0,0,0,0,0,0,0
k__Bacteria;p__TM6,0,0,0,0,0,0,0,0,0,0,0,0,0,0,0,0,0,0,0,0,0,0,0,0,0,0,0,0,0,0,0,0,0,0,0,0,0,0,0,0,0,0,0,0,0,0,0,0,0,0,0,0,0,0,0,0,0,0,0,0,0,0,0,0,0,0,0,0,0,0,0,0,0,0,0,0,0,0,0,0,0,0,0,0,0,0,0,0,0,0,0,0,0,0,0,0,0,0,0,0,0,0,0,0,0,0,0,0,0,0,0,0,0,0,0,0,0,0,0,0,0,0,0,0,0,0,0,0,0,0,0,0,0,0,0,0,0,0,0,0,0,0,0,0,0,0,0,0,0,0,0,0,0,0,0,0,0,0,0,0,0,0,0,0,0,0,0,0,0,0,0,0,0,0,0,0,0,0,0,0,0,0,0,0,0,0,0,0,0,0,0,0,0,0,0,0,0,0,0,0,0,0,0,0,0,0,0,0,0,0,0,0,0,0,0,0,0,0,0,0,0,0,0,0,0,0,0,0,0,0,0,0,0,0,0,0,0,0,0,0,0,0,0,0,0,0,0,0,0,0,0,0,0,0,0,0,0,0,0,0,0,0,0,0,0,0,0,0,0,0,0,0,0,0,0,0,0,0,0,0,0,0,0,0,0,0,0,0,0,0,0,0,0,0,0,0,0,0,0,0,0,0,0,0,0,0,0,0,0,0,0,0,0,0,0,0,0,0,0,0,0,0,0,0,0,0,0,0,0,0,0,0,0,0,0,0,0,0,0,0,0,0,0,0,0,0,0,0,0,0,0,0,0,0,0,0,0,0,0,0,0,0,0,0,0,0,0,0,0.000480354,0,0,0,0,0,0,0,0,0,0,0,0,0,0,0,0,0,0,0,0,0,0,0,0,0,0,0,0,0,0,0,0,0,0,0,0,0,0,0,0,0,0,0,0,0,0,0,0,0,0.011089109,0,0,0,0,0,0,0,0,0,0,0,0,0,0,0,0,0,0,0,0,0,0,0,0,0,0,0,0,0.002456499,0,0,0,0,0,0,0,0,0,0.004537597,0,0,0,0,0,0,0,0,0
k__Bacteria;p__TM7,0,0,0,0,0,0,0,0,0,0,0,0,5.69E-05,0,0,4.52E-05,0,0,3.43E-05,0,0,0,0,0.000117103,0,0,0.000150427,4.75E-05,0,3.75E-05,0,2.56E-05,0,0,0,0,0,0,3.78E-05,0,8.39E-05,0,0,8.85E-05,3.34E-05,0,2.78E-05,2.64E-05,2.68E-05,3.59E-05,0,0,3.12E-05,0,0,0.00012023,0,0,2.92E-05,0,0,0,0,6.00E-05,0,0,4.38E-05,0,2.62E-05,0,0,0,0,3.68E-05,0,0,0,0,0,0,7.30E-05,0,0.000116564,0,0,0,1.58E-05,6.07E-05,0.000174059,0.000225023,0,0,0,0,0,0,0,3.67E-05,0.000134524,2.65E-05,0,2.38E-05,4.29E-05,0,1.87E-05,8.34E-05,2.15E-05,2.67E-05,0,0,0,3.55E-05,8.71E-05,0,0,0,4.22E-05,0,9.18E-05,2.51E-05,0,0,0,0,5.94E-05,0,0,0,0.000188138,0,0,0,0,0,0,0,0,0,4.51E-05,0,0,0,0,0,6.04E-05,0,0.000107942,0,5.31E-05,0.000126601,0,3.91E-05,0,0,0.000187196,3.87E-05,5.74E-05,0,0,3.44E-05,3.24E-05,0,0,0,0,0,2.40E-05,0,0,0,0,0,0,0,0,0,0,0,0,0,0,0,0,5.00E-05,0,9.21E-05,0,0,2.57E-05,0,0,0,0,0,9.72E-05,0,0,4.77E-05,0,0,0,0,2.90E-05,2.54E-05,0,0,0,0,0,0,2.83E-05,0,0,0,0,0,0,0.000104586,6.25E-05,0,0,0,0,0,0,0,0,0,0,0,0,3.25E-05,0,2.13E-05,0,0,2.14E-05,2.75E-05,6.58E-05,0,0,0,0,0,0,0,6.34E-05,2.46E-05,6.64E-05,6.70E-05,3.69E-05,7.28E-05,3.26E-05,0.000125691,3.64E-05,8.81E-05,0.000258964,0,0.001329379,0,0,0,0,0,0.002411188,0,0,0,0,0,0,0,0,0.000237558,0,0,0,0,3.81E-05,0,0,5.02E-05,0,0,0,0,0,0,0,0,0,9.32E-05,0,5.79E-05,0,0,9.60E-05,0,0,0,0,0.000163709,8.67E-05,3.07E-05,0.000125116,0,6.97E-05,0,0.000271802,7.27E-05,0,0,5.41E-05,6.70E-05,2.45E-05,0,0,0,0,7.37E-05,4.76E-05,4.76E-05,0,0,0,0,7.03E-05,0,0,2.27E-05,0,0,6.37E-05,0,0,0.003992016,7.58E-05,0,0,7.05E-05,0,0,0,0,3.73E-05,0,0.000207598,0,0,0,0,0,0,2.39E-05,0,0,4.88E-05,0,0,0,0,0,0,0,0.000516529,0,0.000152777,0,0,0,0,0,0,0,0,0,0.001877347,0,0,0,0,0.00036846,0,0,0,0,0,0,0,0,0,0,0,5.90E-05,0,4.77E-05,9.32E-05,0,0,0,0,0,0,0,0,0,0,0,0.000297575,0,0,0,0,0,0,0,0,0,0,0,0,0,0,0,0,0,0,0,0,0,0,0,0,0,0,0.003561701,7.19E-05,0.000160282,0,0,0,0,0,0,0,0,0.000179163,0,0,0,0.002558315,0,0,0,0,0,0,0,0,0,0,0,0,0,0,0,0
k__Bacteria;p__Tenericutes,0.004573935,0.009397412,0.01771398,0.011381166,0.1327079,0.06637877,0.115241971,0.007261093,0.156287351,0.181903405,0.119683225,0.00575416,0.010896779,0.01538208,0.007993236,0.007296467,0,0.014937727,0.010045944,0.009857863,0.008278476,4.46E-05,0.000601962,0.019321974,0.074431282,0.002693524,0.000376067,0.012690717,3.73E-05,0.057755776,0.000253293,0.032554086,0.00118566,0.017224155,0.000222585,6.29E-05,0.041845895,0.000119412,0.006847242,0.012066474,0.018983449,0.002638767,0.005595595,0.011860156,0.040056172,0.027930152,0.169715193,0.02173827,0.005381238,0.034408448,0.00017201,0.000146132,0.035293384,0.015039494,0.012095456,0.021256643,0.029110224,0.059305732,0.065823672,0.017206548,0.170478269,0.019021886,0.002106357,0.023346537,0.027190443,0.144004511,0.010503282,4.52E-05,0.072991552,0.056338748,0.031864436,0.000612045,0.058008445,0.041007723,0.088114453,0.091314888,0.054416642,0.090949146,0.019716438,0.304859892,0.098403738,0.074706018,0.006469285,0.147978782,5.99E-05,0.000707814,0.006201256,0.019032193,0.109251255,0.043339334,0.062030635,0.077953694,0.018146251,3.21E-05,9.88E-05,0.100742722,0.039268198,0.013287817,0.024402712,0.084348542,0.065975743,0.080552249,0.154024369,0.104693803,0.067403356,0.110040864,0.027710895,0.063213627,0.073620303,0.020207701,0.103129227,0.078883754,0.070039475,0.160537451,0.096622741,0.132765171,0.038788646,0.024560456,0.059392603,0.014541162,0.069844789,0.075474204,0.004542166,0.011714125,0.014905873,0.001637508,4.40E-05,0.003027171,0.000893655,0.000927142,0,0.003181296,0,0.000186382,0,0.000138523,0,8.30E-05,0.01563734,0.023302647,0.014519993,0.055063955,0.000162739,0.034423016,0.008210825,0.13382709,0.092587096,0.059122855,0.040749103,0.015825122,0.000128345,0.042318523,0.00101424,0.026432141,0.056486335,0.030367505,0.016418382,0.001445862,9.65E-05,0.003787357,0.048374563,0.012092691,0.000904364,0.000144852,0.00135278,0.199919812,0.005605059,4.02E-05,3.84E-05,4.94E-05,0,8.43E-05,0.000110144,4.93E-05,5.53E-05,0.000100528,4.68E-05,0,0.00018538,0,0.001053741,5.51E-05,0.072106848,0.025324058,0.07443205,0.012737827,0.000528903,0.062895725,0.162978177,0.005846529,0.000880592,0.162127317,0.16893762,0.000207709,0.009773412,0.040584322,0.010242892,0.006536883,0.027072107,0.000193693,0.000268348,0.029229083,0.007486072,0.010424329,0.006616791,0.003187798,0.000486086,0.003895214,0.013227736,0.012493435,0.005240942,0.003550406,0.072692652,0.051447386,0.0670523,5.54E-05,0.053022872,0.13183078,0.005593925,0.002698463,0.003430683,0.054769267,0.044996772,0.012002797,0.043303051,0.011796733,0.004164131,0.08806567,0.061471028,0.074503417,0.016772797,0.008344969,0.026106009,0.018604156,0.102254462,0.013625979,0.052006517,0.025903316,0.007453198,0.011865524,0.000379027,0.006632407,0.004905865,0.005774592,0.013444986,0.194724054,0.046128005,0.006597898,0.015906751,0.003930238,0.003318339,0.002002403,0.010554434,0.007290096,0.006912107,0.004846527,0.017232855,0.002646392,0,0.000718907,0.000392426,0.000446728,0.001510717,0.010867748,0.001125221,0.000183318,0.000283447,0.000115841,0.000156654,0.005269558,0.143919035,4.08E-05,5.50E-05,0.002939779,0,0.033954401,0.021142025,0.005915374,0.08045233,0.0065481,0.019979169,0.010040665,0.008809626,0.002357918,0.173193197,0.00016484,3.77E-05,0.000541983,0.132777821,0.056372754,0.058605896,0.004658096,0.109601341,0.001158011,3.91E-05,0.001419355,0.02011715,0,5.71E-05,0.000140548,0.006970113,0.009298671,0.005417118,0.007946492,0.014288217,3.79E-05,0.059959562,0.089228808,0.018754368,0.01919023,0.000195322,0.014828181,0.008824644,0.011417283,0.035661801,0.007734768,0.001478596,0.018723845,0.007605248,0.011491431,0.005503276,0.022909126,0.001330124,0.010283257,0.013013478,0.009793848,0.001217742,0.000314347,0.015853522,0.026816786,0.164779874,0.000343083,0.016599229,0.008010477,0,0.003992016,0.017122509,0.100689259,0.161432132,0.07331337,0.000265463,0,5.03E-05,0.060498221,0.067336046,0.009152807,0.041104422,0.000130594,0.000285144,0.000948889,0.093576527,0,0.000122414,0.012659135,0,0.000255754,0.010593893,0,0.001917808,0.013829556,0.000172127,0.000234485,5.98E-05,0.010832584,0.007969303,0.002852017,0.017225575,0.008163265,0.001537131,0.003087719,0,0.001837485,0.000184072,0.001436134,0.07675524,0.010506466,0.000312891,0.000125913,0,0,0.000111869,0.011053795,6.47E-05,0.081999561,0,0,0,0,0.00023175,0.187036868,0.000796495,0.019165344,0.119926874,0.002567659,3.74E-05,0,0.014253109,0.001277238,2.05E-05,0,0,0.00012631,3.99E-05,0,8.17E-05,0.16190966,0.000296154,4.43E-05,0.012349353,4.81E-05,0.204667982,0,0,0.001228199,0.141356398,0.000151653,0.155058651,0.184753838,0.008316832,0.005298214,0.011369308,0,7.52E-05,0.00303067,0.001862197,0.018325527,0.000484865,0.144853168,0.112805139,0.000340646,0.011094302,5.46E-05,0.003362269,0.001222826,0,0,0.000215595,0,0,8.59E-05,6.69E-05,0.00942918,0.00021077,0.012229102,0.010869565,0,0,0.002763562,0.00402025,0.00120066,0.002407825,0,0.001426534,0.007732807,0.005952381,0,0.148665555,0,0.000653097,0,0.006638392,0,0.041666667,0.25,0,0,0
k__Bacteria;p__Verrucomicrobia,0.029448622,0.00239057,0,3.43E-05,0.005778012,0.184300341,9.01E-05,0.005564056,0.126076742,0.120293985,0.100820734,0.006097692,0.000170707,5.49E-05,7.69E-05,6.78E-05,5.48E-05,0.032792054,0.000274292,0.012952774,0,0,0.000177048,8.78E-05,0.000104833,2.93E-05,7.52E-05,0,0.000223889,0.000525053,0.022615429,0.001666154,0.048681825,0.000103345,0.00103873,0.184535672,0,0.013414003,0.00586366,4.82E-05,2.80E-05,0.019536133,0.047271588,0.003009293,0.000785743,9.14E-05,5.57E-05,0.000673134,0.000160634,0.000215502,0.192307692,0.035969271,0.00134065,0.000442338,0.001334859,0.000745425,0.000247046,5.92E-05,0.000584061,0.001219087,4.74E-05,5.40E-05,8.66E-05,0.001200336,0.000201546,0.091833422,4.38E-05,0.147466167,0.001731647,0.001532332,0.000388065,0.001999347,0.001926782,0.006987863,0.002201027,7.70E-05,0,3.67E-05,0.000310146,0.000649004,0.001240997,7.69E-05,0.000524537,0.040058533,0,0.001793129,0.036986063,0.00060741,0.000232079,0.000225023,6.62E-05,0.000138124,0.00079792,3.21E-05,0.004019107,0.0001056,0.001806918,0.016297765,0.000134524,0.000530828,3.76E-05,0.051416329,0.003089068,0.002016868,5.60E-05,8.34E-05,0.004923037,2.67E-05,8.20E-05,0.003299216,0,0.00092428,0.000145129,0,0.011323286,0.004791731,0.003861982,0.000675356,0.006827088,0.061128133,0.000237567,0.019552627,0.049642254,0.009159449,0.013896312,0.002844092,0.0986845,0.004430006,4.70E-05,0.186935023,0.005768222,3.83E-05,0.151776246,0.000186382,0.005889238,0.001073556,0.036357367,0.000124559,0.002053388,0.000251726,0.008181316,0.000251625,0.107603177,0.005835955,0.027590787,0.072639225,0.006773349,0.000125128,0.000185948,6.33E-05,0.022652891,0.000156446,0,0.103806228,0.000187196,0.009323017,0.000172221,4.66E-05,4.83E-05,0.016147914,0.000550447,0.009948174,0.033348406,0.043745292,0.163009934,0.083596452,0.006563189,0.08657521,0,0.000197648,0.00318101,0.122670546,0,0,0.089486634,0.000150792,0.096940208,0,0.004758079,0,0.006966397,0.099630996,0.00034741,0.000600571,0.000905215,0.02289584,0.015151515,0.000168095,0.001463415,0.001867641,0.000176118,0.082836422,0.044922291,0.065547016,4.86E-05,0.001243853,0.011221992,9.54E-05,0,0.123770047,6.71E-05,0.007526489,2.90E-05,0.000405813,9.98E-05,0.041925591,4.05E-05,4.28E-05,0.013901761,0.022886205,0,0.030645613,0.0005227,0.000102895,6.85E-05,0.037406484,0.223914503,0.003294462,0.009125285,0.00012551,0.105779381,0.000475737,0,0.002796768,0.000282795,5.04E-05,0.131009962,0.000210482,0.000570166,0.000223542,0.000957256,0.106373997,0.001491772,2.13E-05,0.091002761,0.011994125,0.09134368,0.005444646,0.002630541,0.198012271,0.002316277,0.055826415,0.158771622,0.011499403,0.016214052,0.025974777,0.001077535,7.39E-05,9.96E-05,0.000290302,0.000663668,0.007827575,0.001791648,0.011161388,3.64E-05,0.005433984,0.000494385,0.001092162,0.00010226,0.013569375,0.073040322,7.45E-05,0.000424889,0.007691022,0.000803729,0.111824015,7.09E-05,0.003706922,0,0.010944467,0.069643776,0.125102107,0,2.97E-05,0,0.008825693,0.000106598,0.051487898,3.81E-05,0,0.000252501,0.00015061,0.286269875,0.000104026,0.073063231,0.068930465,0.064583019,0.000208455,0.087298497,4.18E-05,0.142992089,0.012576859,0.062013648,8.69E-05,3.91E-05,6.45E-05,0.000816209,5.18E-05,0,7.03E-05,0.000105608,0.00363434,8.67E-05,6.14E-05,0.000175162,0.101038823,0.000209161,0.14408328,0.000155316,0.001744566,0,0.021575396,0.013778355,3.35E-05,0.000538846,0.000140632,3.61E-05,8.63E-05,0.00461361,0.002529097,0.022846933,0.05672509,0,0.000140226,0.022237317,0.003532207,0.018008524,0.072299761,0.000893156,0.001114523,0.084712143,0.000729051,0.000127441,0.003316439,0,0,0.000113645,0.181045376,0.096034444,0.00010569,5.31E-05,0.005223569,0,0.000187301,0.01425852,5.58E-05,0.000570895,0.075918509,9.50E-05,0.000172525,6.61E-05,0.021831485,0.148763619,0,0.092406097,0.001662404,0.010935631,5.38E-05,0.000616438,0.006226921,0.007344082,0.12212756,0.20973626,0.00097767,0.003246753,0.246469479,0.000763884,0.000437318,0.002497838,0.010526316,6.32E-05,0.001735402,0,0.153694526,0.137769812,0.000269397,0,0.002014606,0.268199426,0.000176103,0.026233359,0.005158438,0.000129408,0.074325806,0.163590354,0.004163564,0.111534539,0,7.72E-05,0.097703778,5.69E-05,0,0.079707495,0.013605643,0.004671151,0.001097485,0.019563091,0.180167976,0.130847624,0.177114272,0,0,0.000159604,0.020539153,0.000285796,0.081126254,0.114796579,0,0,4.81E-05,0.093688363,0,0,0.003561778,0.062325996,0.028965726,0.064103739,0.009435431,0.00039604,0.053032597,0.097942432,0,0,0.010183052,0.02886406,5.85E-05,0.074565353,0.068438949,0.08993576,0.124540128,0,0,0.073786526,0.149320652,0,0,7.19E-05,0,0.06583059,0.001631742,0.08785547,0.008820846,0.042364844,0.008049536,0.02229182,0,0.002239541,0.008495394,0,0.64325379,0.013844996,0.042975207,0.093437946,0,0.00422427,0.073680063,0.064845705,0.005077787,0.002285839,0.015312132,0.004056795,0,0,0,0,0,0
k__Bacteria;p__WPS-2,0,0,0,0,0,0,0,0,0,0,0,0,0,0,0,0,0,0,0,0,0,0,0,0,0,0,0,0,0,0,0,0,0,0,0,0,0,0,0,0,0,0,0,0,0,0,0,0,0,0,0,0,0,0,0,0,0,0,0,0,0,0,0,0,0,0,0,0,0,0,0,0,0,0,0,0,0,0,0,0,0,0,0,0,0,0,0,0,0,0,0,0,0,0,0,0,0,0,0,0,0,0,0,0,0,0,0,0,0,0,0,0,0,0,0,0,0,0,0,0,0,0,0,0,0,0,0,0,0,0,0,0,0,0,0,0,0,0,0,0,0,0,0,0,0,0,0,0,0,0,0,0,0,0,0,0,0,0,0,0,0,0,0,0,0,0,0,0,0,0,0,0,0,0,0,0,0,0,0,0,0,0,0,0,0,0,0,0,0,0,0,0,0,0,0,0,0,0,0,0,0,0,0,0,0,0,0,0,0,0,0,0,0,0,0,0,0,0,0,0,0,0,0,0,0,0,0,0,0,0,0,0,0,0,0,0,0,0,0,0,0,0,0,0,0,0,0,0,0,0,0,0,0,0,0,0,0,0,0,0,0,0,0,0,0,0.000274977,0,0,0,0,0,0,0,0,0,0,0,0,0,0,0,0,0,0,0,0,0,0,0,0,0,0,0,0,0,0,0,0,0,0,0,0,0,0,0,0,0,0,0,0,0,0,0,0,0,0,0,0,0,0,0,0,0,0,0,0,0,0,0,0,0,0,0,0,0,0,0,0,0,0,0,0,0,0,0,0,0,0,0,0,0,0,0,0,0,0,0,0,0,0,0,0,0,0,0,0,0,0,0,0,0,0,0,0,0,0,0,0,0,0,0,0,0,0,0,0,0,0,0,0,0,0,0,0,0,0,0,0,0,0,0,0,0,0,0,0,0,0,0,0,0,0,0,0,0,0,0,0,0,0,0,0,0,0,0,0,0,0,0,0,0,0,0,0,0,0,0,0,0,0,0,0,0,0,0,0,0,0,0,0,0,0,0,0,0,0,0,0,0,0,0,0,0,0,0,0,0
k__Bacteria;p__[Thermi],0,0,0,0,0,0,0,0,0,0,0,0,0,0,0,0,0,0,0,0,0,0,0,0,0,0,0,0,0,0,0,0,0,0,0,0,0,0,0,0,0,0,0,0,0,0,0,0,0,0,0,0,0,0,0,0,0,0,0,0,0,0,0,0,0,0,0,0,0,0,0,0,0,0,0,0,0,0,0,0,0,0,0,0,0,0,0,0,0,0,0,0,0,0,0,0,0,0,0,0,0,0,0,0,0,0,0,0,0,0,0,0,0,0,0,0,0,0,0,0,0,0,0,0,0,0,0,0,0,0,0,7.67E-05,0,0,0,0,0,0,0,0,0,0,0,0,0,0,0,0,0,0,0,0,0,0,0,0,0,0,0,0,0,0,0,0,0,0,0,0,0,0,0,0,0,0,0,0,0,0,0,0,0,0,0,0,0,0,0,0,0,0,0,0,0,0,0,0,0,0,0,0,0,0,0,0,0,0,0,0,0,0,0,0,0,0,0,0,0,0,0,0,0,0,0,0,0,0,0,0,0,0,0,0,0,0,0,0,0,0,0,0,0,0,0,0,0,0,0,0,0,0,0,0,0,0,0,0,0,0,0,0,0,0,0,0,0,0,0,0,0,0,0,0,0,0,0,0,0,0,0,0,0,0,0,0,0,0,0,0,0,0,0,0,0,0,0,0,0,0,0,0,0,0,0,0,0,0,0,0,0,0,0,0,0,0,0,0,0,0,0,0,0,0,0,0,0,0,0,0,0,0,0,0,0,0,0,0,0,0,0,0,0,0,0,0,0,0,0,0,0,0,0,0,0,0,0,0,0,0,0,0,0,0,0,0,0,0,0,0,0.00134499,0,0,0,0,0,0,0,0,0,0,0,0,0,0,0,0,0,0,0,0,0,0,0,0,0,0,0,0,0,0,0,0,0,0,0,0,0,0,0,0,0,0,0,0,0,0,0,0,0,0,0,0,0,0,0,0,0,0,0,0,0,0,0,0,0,0.000175316,0,0,0,0,0,0,0,0.00021077,0,0,0,0,0,0,0,0,0,0,0,0,0,0,0,0,0,0,0,0,0,0,0,0